product_title,brand,manufacturer,category,breadcrumbs,product_type,product_url,sku,article_number,model,ean_gtin,short_description,description,technical_data,specifications,power,watt,kW,kWh,voltage,current,dimensions,weight,warranty,price,currency,availability,stock_status,image_urls,variants,accessories,related_products,meta_title,meta_description,language,source_status,notes
Deye SUN-2.5K-G04,,,,,,https://www.solidtrading.eu/deye-sun-25k-g04-p-475.html,,,,,,,,,,,,,,,,,,50.00,PLN,,,https://www.solidtrading.eu/images/flagi/england.png|https://www.solidtrading.eu/images/flagi/poland.png|https://www.solidtrading.eu/images/Logo napis.png|https://www.solidtrading.eu/images/Logo sma napis.png|https://www.solidtrading.eu/images/zdjecia/deye/mini/350px_deye-sun-25k-g04-p1-eu-am1.webp,,,,,Deye SUN-2.5K-G04,pl,valid_product,
Deye SUN-20K-G04,,,,,,https://www.solidtrading.eu/deye-sun-20k-g04-p-476.html,,,,,,,,,,,,,,,,,,50.00,PLN,,,https://www.solidtrading.eu/images/flagi/england.png|https://www.solidtrading.eu/images/flagi/poland.png|https://www.solidtrading.eu/images/Logo napis.png|https://www.solidtrading.eu/images/Logo sma napis.png|https://www.solidtrading.eu/images/zdjecia/deye/mini/350px_deye-sun-20k-g04.webp,,,,,Deye SUN-20K-G04,pl,valid_product,
Deye SUN-8K-G05,,,,,,https://www.solidtrading.eu/deye-sun-8k-g05-p-477.html,,,,,,,,,,,,,,,,,,50.00,PLN,,,https://www.solidtrading.eu/images/flagi/england.png|https://www.solidtrading.eu/images/flagi/poland.png|https://www.solidtrading.eu/images/Logo napis.png|https://www.solidtrading.eu/images/Logo sma napis.png|https://www.solidtrading.eu/images/zdjecia/deye/mini/350px_Deye SUN-8K-G05.webp,,,,,Deye SUN-8K-G05,pl,valid_product,
Deye SUN-12K-G05,,,,,,https://www.solidtrading.eu/deye-sun-12k-g05-p-478.html,,,,,,,,,,,,,,,,,,50.00,PLN,,,https://www.solidtrading.eu/images/flagi/england.png|https://www.solidtrading.eu/images/flagi/poland.png|https://www.solidtrading.eu/images/Logo napis.png|https://www.solidtrading.eu/images/Logo sma napis.png|https://www.solidtrading.eu/images/zdjecia/deye/mini/350px_Deye SUN-12K-G05.webp,,,,,Deye SUN-12K-G05,pl,valid_product,
Deye SUN-15K-G05,,,,,,https://www.solidtrading.eu/deye-sun-15k-g05-p-479.html,,,,,,,,,,,,,,,,,,50.00,PLN,,,https://www.solidtrading.eu/images/flagi/england.png|https://www.solidtrading.eu/images/flagi/poland.png|https://www.solidtrading.eu/images/Logo napis.png|https://www.solidtrading.eu/images/Logo sma napis.png|https://www.solidtrading.eu/images/zdjecia/deye/mini/350px_Deye SUN-12K-G05.webp,,,,,Deye SUN-15K-G05,pl,valid_product,
Deye SUN-5K-SG01HP3,,,,,,https://www.solidtrading.eu/deye-sun-5k-sg01hp3-p-480.html,,,,,,,,,,,,,,,,,,360.00,PLN,,,https://www.solidtrading.eu/images/flagi/england.png|https://www.solidtrading.eu/images/flagi/poland.png|https://www.solidtrading.eu/images/Logo napis.png|https://www.solidtrading.eu/images/Logo sma napis.png|https://www.solidtrading.eu/images/zdjecia/deye/mini/350px_Deye SUN-5K-SG01HP3.webp,,,,,Deye SUN-5K-SG01HP3,pl,valid_product,
Deye SUN-6K-SG01HP3,,,,,,https://www.solidtrading.eu/deye-sun-6k-sg01hp3-p-481.html,,,,,,,,,,,,,,,,,,360.00,PLN,,,https://www.solidtrading.eu/images/flagi/england.png|https://www.solidtrading.eu/images/flagi/poland.png|https://www.solidtrading.eu/images/Logo napis.png|https://www.solidtrading.eu/images/Logo sma napis.png|https://www.solidtrading.eu/images/zdjecia/deye/mini/350px_Deye SUN-6K-SG01HP3.webp,,,,,Deye SUN-6K-SG01HP3,pl,valid_product,
Deye SUN-8K-SG01HP3,,,,,,https://www.solidtrading.eu/deye-sun-8k-sg01hp3-p-482.html,,,,,,,,,,,,,,,,,,360.00,PLN,,,https://www.solidtrading.eu/images/flagi/england.png|https://www.solidtrading.eu/images/flagi/poland.png|https://www.solidtrading.eu/images/Logo napis.png|https://www.solidtrading.eu/images/Logo sma napis.png|https://www.solidtrading.eu/images/zdjecia/deye/mini/350px_Deye SUN-6K-SG01HP3.webp,,,,,Deye SUN-8K-SG01HP3,pl,valid_product,
Deye SUN-10K-SG01HP3,,,,,,https://www.solidtrading.eu/deye-sun-10k-sg01hp3-p-483.html,,,,,,,,,,,,,,,,,,360.00,PLN,,,https://www.solidtrading.eu/images/flagi/england.png|https://www.solidtrading.eu/images/flagi/poland.png|https://www.solidtrading.eu/images/Logo napis.png|https://www.solidtrading.eu/images/Logo sma napis.png|https://www.solidtrading.eu/images/zdjecia/deye/mini/350px_Deye SUN-6K-SG01HP3.webp,,,,,Deye SUN-10K-SG01HP3,pl,valid_product,
Deye SUN-12K-SG01HP3-EU-AM2,,,,,,https://www.solidtrading.eu/deye-sun-12k-sg01hp3-eu-am2-p-484.html,,,,,,,,,,,,,,,,,,360.00,PLN,,,https://www.solidtrading.eu/images/flagi/england.png|https://www.solidtrading.eu/images/flagi/poland.png|https://www.solidtrading.eu/images/Logo napis.png|https://www.solidtrading.eu/images/Logo sma napis.png|https://www.solidtrading.eu/images/zdjecia/deye/mini/350px_deye-sun-12k-sg01hp3-eu-am2.webp,,,,,Deye SUN-12K-SG01HP3-EU-AM2,pl,valid_product,
Deye SUN-35K-SG01HP3,,,,,,https://www.solidtrading.eu/deye-sun-35k-sg01hp3-p-486.html,,,,,,,,,,,,,,,,,,360.00,PLN,,,https://www.solidtrading.eu/images/flagi/england.png|https://www.solidtrading.eu/images/flagi/poland.png|https://www.solidtrading.eu/images/Logo napis.png|https://www.solidtrading.eu/images/Logo sma napis.png|https://www.solidtrading.eu/images/zdjecia/deye/mini/350px_Deye SUN-35K-SG01HP3.webp,,,,,Deye SUN-35K-SG01HP3,pl,valid_product,
Deye SUN-70K-SG02HP3,,,,,,https://www.solidtrading.eu/deye-sun-70k-sg02hp3-p-487.html,,,,,,,,,,,,,,,,,,360.00,PLN,,,https://www.solidtrading.eu/images/flagi/england.png|https://www.solidtrading.eu/images/flagi/poland.png|https://www.solidtrading.eu/images/Logo napis.png|https://www.solidtrading.eu/images/Logo sma napis.png|https://www.solidtrading.eu/images/zdjecia/deye/mini/350px_Deye SUN-60K-SG02HP3.webp,,,,,Deye SUN-70K-SG02HP3,pl,valid_product,
Deye SUN-136K-G01P3,,,,,,https://www.solidtrading.eu/deye-sun-136k-g01p3-p-489.html,,,,,,,,,,,,,,,,,,360.00,PLN,,,https://www.solidtrading.eu/images/flagi/england.png|https://www.solidtrading.eu/images/flagi/poland.png|https://www.solidtrading.eu/images/Logo napis.png|https://www.solidtrading.eu/images/Logo sma napis.png|https://www.solidtrading.eu/images/zdjecia/deye/mini/350px_deye-sun-136k-g01p3-eu-am8.webp,,,,,Deye SUN-136K-G01P3,pl,valid_product,
Deye SUN-5K-SG04LP3,,,,,,https://www.solidtrading.eu/deye-sun-5k-sg04lp3-p-490.html,,,,,,,,,,,,,,,,,,50.00,PLN,,,https://www.solidtrading.eu/images/flagi/england.png|https://www.solidtrading.eu/images/flagi/poland.png|https://www.solidtrading.eu/images/Logo napis.png|https://www.solidtrading.eu/images/Logo sma napis.png|https://www.solidtrading.eu/images/zdjecia/deye/mini/350px_Deye SUN-5K-SG04LP3.webp,,,,,Deye SUN-5K-SG04LP3,pl,valid_product,
Deye SUN-6K-SG05LP3-EU,,,,,,https://www.solidtrading.eu/deye-sun-6k-sg05lp3-eu-p-574.html,,,,,,,,,,,,,,,,,,360.00,PLN,,,https://www.solidtrading.eu/images/flagi/england.png|https://www.solidtrading.eu/images/flagi/poland.png|https://www.solidtrading.eu/images/Logo napis.png|https://www.solidtrading.eu/images/Logo sma napis.png|https://www.solidtrading.eu/images/zdjecia/deye/mini/350px_Deye SUN-6K-SG05LP3-EU.webp,,,,,Deye SUN-6K-SG05LP3-EU,pl,valid_product,
Deye SUN-8K-SG05LP3-EU,,,,,,https://www.solidtrading.eu/deye-sun-8k-sg05lp3-eu-p-575.html,,,,,,,,,,,,,,,,,,360.00,PLN,,,https://www.solidtrading.eu/images/flagi/england.png|https://www.solidtrading.eu/images/flagi/poland.png|https://www.solidtrading.eu/images/Logo napis.png|https://www.solidtrading.eu/images/Logo sma napis.png|https://www.solidtrading.eu/images/zdjecia/deye/mini/350px_Deye SUN-6K-SG05LP3-EU.webp,,,,,Deye SUN-8K-SG05LP3-EU,pl,valid_product,
Deye SUN-10K-SG05LP3-EU,,,,,,https://www.solidtrading.eu/deye-sun-10k-sg05lp3-eu-p-576.html,,,,,,,,,,,,,,,,,,360.00,PLN,,,https://www.solidtrading.eu/images/flagi/england.png|https://www.solidtrading.eu/images/flagi/poland.png|https://www.solidtrading.eu/images/Logo napis.png|https://www.solidtrading.eu/images/Logo sma napis.png|https://www.solidtrading.eu/images/zdjecia/deye/mini/350px_Deye SUN-10K-SG05LP3-EU.webp,,,,,Deye SUN-10K-SG05LP3-EU,pl,valid_product,
Deye SUN-12K-SG05LP3-EU,,,,,,https://www.solidtrading.eu/deye-sun-12k-sg05lp3-eu-p-577.html,,,,,,,,,,,,,,,,,,360.00,PLN,,,https://www.solidtrading.eu/images/flagi/england.png|https://www.solidtrading.eu/images/flagi/poland.png|https://www.solidtrading.eu/images/Logo napis.png|https://www.solidtrading.eu/images/Logo sma napis.png|https://www.solidtrading.eu/images/zdjecia/deye/mini/350px_Deye SUN-10K-SG05LP3-EU.webp,,,,,Deye SUN-12K-SG05LP3-EU,pl,valid_product,
Deye SUN-15K-SG05LP3-EU,,,,,,https://www.solidtrading.eu/deye-sun-15k-sg05lp3-eu-p-578.html,,,,,,,,,,,,,,,,,,360.00,PLN,,,https://www.solidtrading.eu/images/flagi/england.png|https://www.solidtrading.eu/images/flagi/poland.png|https://www.solidtrading.eu/images/Logo napis.png|https://www.solidtrading.eu/images/Logo sma napis.png|https://www.solidtrading.eu/images/zdjecia/deye/mini/350px_Deye SUN-15K-SG05LP3-EU.webp,,,,,Deye SUN-15K-SG05LP3-EU,pl,valid_product,
Deye SUN-20K-SG05LP3-EU,,,,,,https://www.solidtrading.eu/deye-sun-20k-sg05lp3-eu-p-579.html,,,,,,,,,,,,,,,,,,360.00,PLN,,,https://www.solidtrading.eu/images/flagi/england.png|https://www.solidtrading.eu/images/flagi/poland.png|https://www.solidtrading.eu/images/Logo napis.png|https://www.solidtrading.eu/images/Logo sma napis.png|https://www.solidtrading.eu/images/zdjecia/deye/mini/350px_Deye SUN-15K-SG05LP3-EU.webp,,,,,Deye SUN-20K-SG05LP3-EU,pl,valid_product,
Deye SUN-3.6K-SG05LP1,,,,,,https://www.solidtrading.eu/deye-sun-36k-sg05lp1-p-580.html,,,,,,,,,,,,,,,,,,50.00,PLN,,,https://www.solidtrading.eu/images/flagi/england.png|https://www.solidtrading.eu/images/flagi/poland.png|https://www.solidtrading.eu/images/Logo napis.png|https://www.solidtrading.eu/images/Logo sma napis.png|https://www.solidtrading.eu/images/zdjecia/deye/mini/350px_Deye SUN-15K-SG05LP3-EU.webp,,,,,Deye SUN-3.6K-SG05LP1,pl,valid_product,
Deye SUN-5K-SG05LP1,,,,,,https://www.solidtrading.eu/deye-sun-5k-sg05lp1-p-581.html,,,,,,,,,,,,,,,,,,50.00,PLN,,,https://www.solidtrading.eu/images/flagi/england.png|https://www.solidtrading.eu/images/flagi/poland.png|https://www.solidtrading.eu/images/Logo napis.png|https://www.solidtrading.eu/images/Logo sma napis.png|https://www.solidtrading.eu/images/zdjecia/deye/mini/350px_Deye SUN-3.6K-SG05LP1.webp,,,,,Deye SUN-5K-SG05LP1,pl,valid_product,
Deye SUN-6K-SG05LP1,,,,,,https://www.solidtrading.eu/deye-sun-6k-sg05lp1-p-679.html,,,,,,,,,,,,,,,,,,50.00,PLN,,,https://www.solidtrading.eu/images/flagi/england.png|https://www.solidtrading.eu/images/flagi/poland.png|https://www.solidtrading.eu/images/Logo napis.png|https://www.solidtrading.eu/images/Logo sma napis.png|https://www.solidtrading.eu/images/zdjecia/deye/mini/350px_Deye SUN-3.6K-SG05LP1.webp,,,,,Deye SUN-6K-SG05LP1,pl,valid_product,
Deye SUN-8K-SG05LP1,,,,,,https://www.solidtrading.eu/deye-sun-8k-sg05lp1-p-680.html,,,,,,,,,,,,,,,,,,50.00,PLN,,,https://www.solidtrading.eu/images/flagi/england.png|https://www.solidtrading.eu/images/flagi/poland.png|https://www.solidtrading.eu/images/Logo napis.png|https://www.solidtrading.eu/images/Logo sma napis.png|https://www.solidtrading.eu/images/zdjecia/deye/mini/350px_Deye SUN-3.6K-SG05LP1.webp,,,,,Deye SUN-8K-SG05LP1,pl,valid_product,
Deye SUN-10K-SG02LP1,,,,,,https://www.solidtrading.eu/deye-sun-10k-sg02lp1-p-681.html,,,,,,,,,,,,,,,,,,50.00,PLN,,,https://www.solidtrading.eu/images/flagi/england.png|https://www.solidtrading.eu/images/flagi/poland.png|https://www.solidtrading.eu/images/Logo napis.png|https://www.solidtrading.eu/images/Logo sma napis.png|https://www.solidtrading.eu/images/zdjecia/deye/mini/350px_Deye SUN-10K-SG02LP1.webp,,,,,Deye SUN-10K-SG02LP1,pl,valid_product,
Deye SUN-12K-SG02LP1,,,,,,https://www.solidtrading.eu/deye-sun-12k-sg02lp1-p-682.html,,,,,,,,,,,,,,,,,,50.00,PLN,,,https://www.solidtrading.eu/images/flagi/england.png|https://www.solidtrading.eu/images/flagi/poland.png|https://www.solidtrading.eu/images/Logo napis.png|https://www.solidtrading.eu/images/Logo sma napis.png|https://www.solidtrading.eu/images/zdjecia/deye/mini/350px_Deye SUN-10K-SG02LP1.webp,,,,,Deye SUN-12K-SG02LP1,pl,valid_product,
Deye GB-S6K-EU,,,,,,https://www.solidtrading.eu/deye-gb-s6k-eu-p-683.html,,,,,,,,,,,,,,,,,,360.00,PLN,,,https://www.solidtrading.eu/images/flagi/england.png|https://www.solidtrading.eu/images/flagi/poland.png|https://www.solidtrading.eu/images/Logo napis.png|https://www.solidtrading.eu/images/Logo sma napis.png|https://www.solidtrading.eu/images/zdjecia/deye/mini/350px_deye-sun-20k-g04.webp,,,,,Deye GB-S6K-EU,pl,valid_product,
Deye GB-S20K-EU,,,,,,https://www.solidtrading.eu/deye-gb-s20k-eu-p-703.html,,,,,,,,,,,,,,,,,,360.00,PLN,,,https://www.solidtrading.eu/images/flagi/england.png|https://www.solidtrading.eu/images/flagi/poland.png|https://www.solidtrading.eu/images/Logo napis.png|https://www.solidtrading.eu/images/Logo sma napis.png|https://www.solidtrading.eu/images/zdjecia/deye/mini/350px_deye-sun-20k-g04.webp,,,,,Deye GB-S20K-EU,pl,valid_product,
FoxESS T3 G3,,,,,,https://www.solidtrading.eu/foxess-t3-g3-p-491.html,,,,,,,,,,,,,,,,,,50.00,PLN,,,https://www.solidtrading.eu/images/flagi/england.png|https://www.solidtrading.eu/images/flagi/poland.png|https://www.solidtrading.eu/images/Logo napis.png|https://www.solidtrading.eu/images/Logo sma napis.png|https://www.solidtrading.eu/images/zdjecia/FoxESS/mini/350px_1.foxess-t-series-t4-g3.webp,,,,,FoxESS T3 G3,pl,valid_product,
FoxESS T4 G3,,,,,,https://www.solidtrading.eu/foxess-t4-g3-p-492.html,,,,,,,,,,,,,,,,,,50.00,PLN,,,https://www.solidtrading.eu/images/flagi/england.png|https://www.solidtrading.eu/images/flagi/poland.png|https://www.solidtrading.eu/images/Logo napis.png|https://www.solidtrading.eu/images/Logo sma napis.png|https://www.solidtrading.eu/images/zdjecia/FoxESS/mini/350px_1.foxess-t-series-t4-g3.webp,,,,,FoxESS T4 G3,pl,valid_product,
FoxESS T5 G3,,,,,,https://www.solidtrading.eu/foxess-t5-g3-p-493.html,,,,,,,,,,,,,,,,,,50.00,PLN,,,https://www.solidtrading.eu/images/flagi/england.png|https://www.solidtrading.eu/images/flagi/poland.png|https://www.solidtrading.eu/images/Logo napis.png|https://www.solidtrading.eu/images/Logo sma napis.png|https://www.solidtrading.eu/images/zdjecia/FoxESS/mini/350px_1.foxess-t-series-t4-g3.webp,,,,,FoxESS T5 G3,pl,valid_product,
FoxESS T6 G3,,,,,,https://www.solidtrading.eu/foxess-t6-g3-p-494.html,,,,,,,,,,,,,,,,,,50.00,PLN,,,https://www.solidtrading.eu/images/flagi/england.png|https://www.solidtrading.eu/images/flagi/poland.png|https://www.solidtrading.eu/images/Logo napis.png|https://www.solidtrading.eu/images/Logo sma napis.png|https://www.solidtrading.eu/images/zdjecia/FoxESS/mini/350px_Foxess T8 G3.webp,,,,,FoxESS T6 G3,pl,valid_product,
FoxESS T8 G3,,,,,,https://www.solidtrading.eu/foxess-t8-g3-p-495.html,,,,,,,,,,,,,,,,,,50.00,PLN,,,https://www.solidtrading.eu/images/flagi/england.png|https://www.solidtrading.eu/images/flagi/poland.png|https://www.solidtrading.eu/images/Logo napis.png|https://www.solidtrading.eu/images/Logo sma napis.png|https://www.solidtrading.eu/images/zdjecia/FoxESS/mini/350px_Foxess T8 G3.webp,,,,,FoxESS T8 G3,pl,valid_product,
FoxESS T10 G3,,,,,,https://www.solidtrading.eu/foxess-t10-g3-p-496.html,,,,,,,,,,,,,,,,,,50.00,PLN,,,https://www.solidtrading.eu/images/flagi/england.png|https://www.solidtrading.eu/images/flagi/poland.png|https://www.solidtrading.eu/images/Logo napis.png|https://www.solidtrading.eu/images/Logo sma napis.png|https://www.solidtrading.eu/images/zdjecia/FoxESS/mini/350px_Foxess T10 G3.webp,,,,,FoxESS T10 G3,pl,valid_product,
FoxESS T12 G3,,,,,,https://www.solidtrading.eu/foxess-t12-g3-p-497.html,,,,,,,,,,,,,,,,,,50.00,PLN,,,https://www.solidtrading.eu/images/flagi/england.png|https://www.solidtrading.eu/images/flagi/poland.png|https://www.solidtrading.eu/images/Logo napis.png|https://www.solidtrading.eu/images/Logo sma napis.png|https://www.solidtrading.eu/images/zdjecia/FoxESS/mini/350px_Foxess T12 G3.webp,,,,,FoxESS T12 G3,pl,valid_product,
FoxESS T15 G3,,,,,,https://www.solidtrading.eu/foxess-t15-g3-p-498.html,,,,,,,,,,,,,,,,,,50.00,PLN,,,https://www.solidtrading.eu/images/flagi/england.png|https://www.solidtrading.eu/images/flagi/poland.png|https://www.solidtrading.eu/images/Logo napis.png|https://www.solidtrading.eu/images/Logo sma napis.png|https://www.solidtrading.eu/images/zdjecia/FoxESS/mini/350px_Foxess T12 G3.webp,,,,,FoxESS T15 G3,pl,valid_product,
FoxESS T17 G3,,,,,,https://www.solidtrading.eu/foxess-t17-g3-p-499.html,,,,,,,,,,,,,,,,,,50.00,PLN,,,https://www.solidtrading.eu/images/flagi/england.png|https://www.solidtrading.eu/images/flagi/poland.png|https://www.solidtrading.eu/images/Logo napis.png|https://www.solidtrading.eu/images/Logo sma napis.png|https://www.solidtrading.eu/images/zdjecia/FoxESS/mini/350px_2.foxess-t-series-t17-g3.webp,,,,,FoxESS T17 G3,pl,valid_product,
FoxESS T20 G3,,,,,,https://www.solidtrading.eu/foxess-t20-g3-p-582.html,,,,,,,,,,,,,,,,,,50.00,PLN,,,https://www.solidtrading.eu/images/flagi/england.png|https://www.solidtrading.eu/images/flagi/poland.png|https://www.solidtrading.eu/images/Logo napis.png|https://www.solidtrading.eu/images/Logo sma napis.png|https://www.solidtrading.eu/images/zdjecia/FoxESS/mini/350px_FoxESS T17 G3.webp,,,,,FoxESS T20 G3,pl,valid_product,
FoxESS H1-3.7-E,,,,,,https://www.solidtrading.eu/foxess-h1-37-e-p-502.html,,,,,,,,,,,,,,,,,,50.00,PLN,,,https://www.solidtrading.eu/images/flagi/england.png|https://www.solidtrading.eu/images/flagi/poland.png|https://www.solidtrading.eu/images/Logo napis.png|https://www.solidtrading.eu/images/Logo sma napis.png|https://www.solidtrading.eu/images/zdjecia/FoxESS/mini/350px_3 foxess-h1-46-e.webp,,,,,FoxESS H1-3.7-E,pl,valid_product,
FoxEss H1-4.6-E,,,,,,https://www.solidtrading.eu/foxess-h1-46-e-p-583.html,,,,,,,,,,,,,,,,,,50.00,PLN,,,https://www.solidtrading.eu/images/flagi/england.png|https://www.solidtrading.eu/images/flagi/poland.png|https://www.solidtrading.eu/images/Logo napis.png|https://www.solidtrading.eu/images/Logo sma napis.png|https://www.solidtrading.eu/images/zdjecia/FoxESS/mini/350px_3 foxess-h1-46-e.webp,,,,,FoxEss  H1-4.6-E,pl,valid_product,
FoxESS H3-12.0-E,,,,,,https://www.solidtrading.eu/foxess-h3-120-e-p-586.html,,,,,,,,,,,,,,,,,,50.00,PLN,,,https://www.solidtrading.eu/images/flagi/england.png|https://www.solidtrading.eu/images/flagi/poland.png|https://www.solidtrading.eu/images/Logo napis.png|https://www.solidtrading.eu/images/Logo sma napis.png|https://www.solidtrading.eu/images/zdjecia/FoxESS/mini/350px_FoxESS H3-6.0-E  - 15.webp,,,,,FoxESS H3-12.0-E,pl,valid_product,
FoxESS H3 PRO - 29.9,,,,,,https://www.solidtrading.eu/foxess-h3-pro-299-p-590.html,,,,,,,,,,,,,,,,,,360.00,PLN,,,https://www.solidtrading.eu/images/flagi/england.png|https://www.solidtrading.eu/images/flagi/poland.png|https://www.solidtrading.eu/images/Logo napis.png|https://www.solidtrading.eu/images/Logo sma napis.png|https://www.solidtrading.eu/images/zdjecia/FoxESS/mini/350px_FoxESS H3 PRO - 20 - 30.webp,,,,,FoxESS H3 PRO - 29.9,pl,valid_product,
FoxESS P3-PRO-30.0,,,,,,https://www.solidtrading.eu/foxess-p3-pro-300-p-591.html,,,,,,,,,,,,,,,,,,360.00,PLN,,,https://www.solidtrading.eu/images/flagi/england.png|https://www.solidtrading.eu/images/flagi/poland.png|https://www.solidtrading.eu/images/Logo napis.png|https://www.solidtrading.eu/images/Logo sma napis.png|https://www.solidtrading.eu/images/zdjecia/FoxESS/mini/350px_FoxESS H3 PRO - 20 - 30.webp,,,,,FoxESS P3-PRO-30.0,pl,valid_product,
FoxESS H3-PRO-29.9,,,,,,https://www.solidtrading.eu/foxess-h3-pro-299-p-592.html,,,,,,,,,,,,,,,,,,360.00,PLN,,,https://www.solidtrading.eu/images/flagi/england.png|https://www.solidtrading.eu/images/flagi/poland.png|https://www.solidtrading.eu/images/Logo napis.png|https://www.solidtrading.eu/images/Logo sma napis.png|https://www.solidtrading.eu/images/zdjecia/FoxESS/mini/350px_FoxESS H3-PRO-29.9.webp,,,,,FoxESS H3-PRO-29.9,pl,valid_product,
FoxESS P3 5.0 SH,,,,,,https://www.solidtrading.eu/foxess-p3-50-sh-p-593.html,,,,,,,,,,,,,,,,,,360.00,PLN,,,https://www.solidtrading.eu/images/flagi/england.png|https://www.solidtrading.eu/images/flagi/poland.png|https://www.solidtrading.eu/images/Logo napis.png|https://www.solidtrading.eu/images/Logo sma napis.png|https://www.solidtrading.eu/images/zdjecia/FoxESS/mini/350px_FoxESS P3 5.0 SH  5-15.webp,,,,,FoxESS P3 5.0 SH,pl,valid_product,
FoxESS P3 6.0 SH,,,,,,https://www.solidtrading.eu/foxess-p3-60-sh-p-594.html,,,,,,,,,,,,,,,,,,360.00,PLN,,,https://www.solidtrading.eu/images/flagi/england.png|https://www.solidtrading.eu/images/flagi/poland.png|https://www.solidtrading.eu/images/Logo napis.png|https://www.solidtrading.eu/images/Logo sma napis.png|https://www.solidtrading.eu/images/zdjecia/FoxESS/mini/350px_FoxESS P3 5.0 SH  5-15.webp,,,,,FoxESS P3 6.0 SH,pl,valid_product,
FoxESS P3 8.0 SH,,,,,,https://www.solidtrading.eu/foxess-p3-80-sh-p-595.html,,,,,,,,,,,,,,,,,,360.00,PLN,,,https://www.solidtrading.eu/images/flagi/england.png|https://www.solidtrading.eu/images/flagi/poland.png|https://www.solidtrading.eu/images/Logo napis.png|https://www.solidtrading.eu/images/Logo sma napis.png|https://www.solidtrading.eu/images/zdjecia/FoxESS/mini/350px_FoxESS P3 5.0 SH  5-15.webp,,,,,FoxESS P3 8.0 SH,pl,valid_product,
FoxESS P3 10.0 SH,,,,,,https://www.solidtrading.eu/foxess-p3-100-sh-p-596.html,,,,,,,,,,,,,,,,,,360.00,PLN,,,https://www.solidtrading.eu/images/flagi/england.png|https://www.solidtrading.eu/images/flagi/poland.png|https://www.solidtrading.eu/images/Logo napis.png|https://www.solidtrading.eu/images/Logo sma napis.png|https://www.solidtrading.eu/images/zdjecia/FoxESS/mini/350px_FoxESS P3 5.0 SH  5-15.webp,,,,,FoxESS P3 10.0 SH,pl,valid_product,
FoxESS P3 12.0 SH,,,,,,https://www.solidtrading.eu/foxess-p3-120-sh-p-597.html,,,,,,,,,,,,,,,,,,360.00,PLN,,,https://www.solidtrading.eu/images/flagi/england.png|https://www.solidtrading.eu/images/flagi/poland.png|https://www.solidtrading.eu/images/Logo napis.png|https://www.solidtrading.eu/images/Logo sma napis.png|https://www.solidtrading.eu/images/zdjecia/FoxESS/mini/350px_FoxESS P3 5.0 SH  5-15.webp,,,,,FoxESS P3 12.0 SH,pl,valid_product,
FoxESS P3 15.0 SH,,,,,,https://www.solidtrading.eu/foxess-p3-150-sh-p-598.html,,,,,,,,,,,,,,,,,,360.00,PLN,,,https://www.solidtrading.eu/images/flagi/england.png|https://www.solidtrading.eu/images/flagi/poland.png|https://www.solidtrading.eu/images/Logo napis.png|https://www.solidtrading.eu/images/Logo sma napis.png|https://www.solidtrading.eu/images/zdjecia/FoxESS/mini/350px_FoxESS P3 5.0 SH  5-15.webp,,,,,FoxESS P3 15.0 SH,pl,valid_product,
FoxESS F4600,,,,,,https://www.solidtrading.eu/foxess-f4600-p-600.html,,,,,,,,,,,,,,,,,,50.00,PLN,,,https://www.solidtrading.eu/images/flagi/england.png|https://www.solidtrading.eu/images/flagi/poland.png|https://www.solidtrading.eu/images/Logo napis.png|https://www.solidtrading.eu/images/Logo sma napis.png|https://www.solidtrading.eu/images/zdjecia/FoxESS/mini/350px_FoxESS F4600.webp,,,,,FoxESS F4600,pl,valid_product,
FoxESS F5000,,,,,,https://www.solidtrading.eu/foxess-f5000-p-601.html,,,,,,,,,,,,,,,,,,50.00,PLN,,,https://www.solidtrading.eu/images/flagi/england.png|https://www.solidtrading.eu/images/flagi/poland.png|https://www.solidtrading.eu/images/Logo napis.png|https://www.solidtrading.eu/images/Logo sma napis.png|https://www.solidtrading.eu/images/zdjecia/FoxESS/mini/350px_FoxESS F4600.webp,,,,,FoxESS F5000,pl,valid_product,
GoodWe GW4K-DT G2,,,,,,https://www.solidtrading.eu/goodwe-gw4k-dt-g2-p-509.html,,,,,,,,,,,,,,,,,,50.00,PLN,,,https://www.solidtrading.eu/images/flagi/england.png|https://www.solidtrading.eu/images/flagi/poland.png|https://www.solidtrading.eu/images/Logo napis.png|https://www.solidtrading.eu/images/Logo sma napis.png|https://www.solidtrading.eu/images/zdjecia/Goodwe/mini/350px_Goodwe GW4K-DT G2.webp,,,,,GoodWe GW4K-DT G2,pl,valid_product,
GoodWe GW5K-DT G2,,,,,,https://www.solidtrading.eu/goodwe-gw5k-dt-g2-p-510.html,,,,,,,,,,,,,,,,,,50.00,PLN,,,https://www.solidtrading.eu/images/flagi/england.png|https://www.solidtrading.eu/images/flagi/poland.png|https://www.solidtrading.eu/images/Logo napis.png|https://www.solidtrading.eu/images/Logo sma napis.png|https://www.solidtrading.eu/images/zdjecia/Goodwe/mini/350px_Goodwe GW5K-DT.webp,,,,,GoodWe GW5K-DT G2,pl,valid_product,
GoodWe GW6K-DT G3,,,,,,https://www.solidtrading.eu/goodwe-gw6k-dt-g3-p-511.html,,,,,,,,,,,,,,,,,,50.00,PLN,,,https://www.solidtrading.eu/images/flagi/england.png|https://www.solidtrading.eu/images/flagi/poland.png|https://www.solidtrading.eu/images/Logo napis.png|https://www.solidtrading.eu/images/Logo sma napis.png|https://www.solidtrading.eu/images/zdjecia/Goodwe/mini/350px_Goodwe GW6K-DT G3.webp,,,,,GoodWe GW6K-DT G3,pl,valid_product,
GoodWe GW8K-DT G4,,,,,,https://www.solidtrading.eu/goodwe-gw8k-dt-g4-p-512.html,,,,,,,,,,,,,,,,,,50.00,PLN,,,https://www.solidtrading.eu/images/flagi/england.png|https://www.solidtrading.eu/images/flagi/poland.png|https://www.solidtrading.eu/images/Logo napis.png|https://www.solidtrading.eu/images/Logo sma napis.png|https://www.solidtrading.eu/images/zdjecia/Goodwe/mini/350px_Goodwe GW8K-DT G4.webp,,,,,GoodWe GW8K-DT G4,pl,valid_product,
GoodWe GW10KT-DT G2,,,,,,https://www.solidtrading.eu/goodwe-gw10kt-dt-g2-p-513.html,,,,,,,,,,,,,,,,,,50.00,PLN,,,https://www.solidtrading.eu/images/flagi/england.png|https://www.solidtrading.eu/images/flagi/poland.png|https://www.solidtrading.eu/images/Logo napis.png|https://www.solidtrading.eu/images/Logo sma napis.png|https://www.solidtrading.eu/images/zdjecia/Goodwe/mini/350px_GoodWe GW10KT-DT G2.webp,,,,,GoodWe GW10KT-DT G2,pl,valid_product,
GoodWe GW12KT-DT G2,,,,,,https://www.solidtrading.eu/goodwe-gw12kt-dt-g2-p-514.html,,,,,,,,,,,,,,,,,,50.00,PLN,,,https://www.solidtrading.eu/images/flagi/england.png|https://www.solidtrading.eu/images/flagi/poland.png|https://www.solidtrading.eu/images/Logo napis.png|https://www.solidtrading.eu/images/Logo sma napis.png|https://www.solidtrading.eu/images/zdjecia/Goodwe/mini/350px_GoodWe GW10KT-DT G2.webp,,,,,GoodWe GW12KT-DT G2,pl,valid_product,
GoodWe GW15KT-DT G2,,,,,,https://www.solidtrading.eu/goodwe-gw15kt-dt-g2-p-515.html,,,,,,,,,,,,,,,,,,50.00,PLN,,,https://www.solidtrading.eu/images/flagi/england.png|https://www.solidtrading.eu/images/flagi/poland.png|https://www.solidtrading.eu/images/Logo napis.png|https://www.solidtrading.eu/images/Logo sma napis.png|https://www.solidtrading.eu/images/zdjecia/Goodwe/mini/350px_GoodWe GW10KT-DT G2.webp,,,,,GoodWe GW15KT-DT G2,pl,valid_product,
GoodWe GW6000-ET-20,,,,,,https://www.solidtrading.eu/goodwe-gw6000-et-20-p-516.html,,,,,,,,,,,,,,,,,,360.00,PLN,,,https://www.solidtrading.eu/images/flagi/england.png|https://www.solidtrading.eu/images/flagi/poland.png|https://www.solidtrading.eu/images/Logo napis.png|https://www.solidtrading.eu/images/Logo sma napis.png|https://www.solidtrading.eu/images/zdjecia/Goodwe/mini/350px_GoodWe GW6000-ET-20.webp,,,,,GoodWe GW6000-ET-20,pl,valid_product,
GoodWe GW10K-ET-20,,,,,,https://www.solidtrading.eu/goodwe-gw10k-et-20-p-517.html,,,,,,,,,,,,,,,,,,50.00,PLN,,,https://www.solidtrading.eu/images/flagi/england.png|https://www.solidtrading.eu/images/flagi/poland.png|https://www.solidtrading.eu/images/Logo napis.png|https://www.solidtrading.eu/images/Logo sma napis.png|https://www.solidtrading.eu/images/zdjecia/Goodwe/mini/350px_GoodWe GW10K-ET-20 10-15.webp,,,,,GoodWe GW10K-ET-20,pl,valid_product,
GoodWe GW12K-ET-20,,,,,,https://www.solidtrading.eu/goodwe-gw12k-et-20-p-518.html,,,,,,,,,,,,,,,,,,50.00,PLN,,,https://www.solidtrading.eu/images/flagi/england.png|https://www.solidtrading.eu/images/flagi/poland.png|https://www.solidtrading.eu/images/Logo napis.png|https://www.solidtrading.eu/images/Logo sma napis.png|https://www.solidtrading.eu/images/zdjecia/Goodwe/mini/350px_GoodWe GW10K-ET-20 10-15.webp,,,,,GoodWe GW12K-ET-20,pl,valid_product,
GoodWe GW15K-ET-20,,,,,,https://www.solidtrading.eu/goodwe-gw15k-et-20-p-519.html,,,,,,,,,,,,,,,,,,50.00,PLN,,,https://www.solidtrading.eu/images/flagi/england.png|https://www.solidtrading.eu/images/flagi/poland.png|https://www.solidtrading.eu/images/Logo napis.png|https://www.solidtrading.eu/images/Logo sma napis.png|https://www.solidtrading.eu/images/zdjecia/Goodwe/mini/350px_GoodWe GW10K-ET-20 10-15.webp,,,,,GoodWe GW15K-ET-20,pl,valid_product,
GoodWe GW20K-ET-20,,,,,,https://www.solidtrading.eu/goodwe-gw20k-et-20-p-520.html,,,,,,,,,,,,,,,,,,50.00,PLN,,,https://www.solidtrading.eu/images/flagi/england.png|https://www.solidtrading.eu/images/flagi/poland.png|https://www.solidtrading.eu/images/Logo napis.png|https://www.solidtrading.eu/images/Logo sma napis.png|https://www.solidtrading.eu/images/zdjecia/Goodwe/mini/350px_GoodWe GW20K-ET-20 20-29.webp,,,,,GoodWe GW20K-ET-20,pl,valid_product,
GoodWe GW25K-ET,,,,,,https://www.solidtrading.eu/goodwe-gw25k-et-p-521.html,,,,,,,,,,,,,,,,,,360.00,PLN,,,https://www.solidtrading.eu/images/flagi/england.png|https://www.solidtrading.eu/images/flagi/poland.png|https://www.solidtrading.eu/images/Logo napis.png|https://www.solidtrading.eu/images/Logo sma napis.png|https://www.solidtrading.eu/images/zdjecia/Goodwe/mini/350px_GoodWe GW20K-ET-20 20-29.webp,,,,,GoodWe GW25K-ET,pl,valid_product,
GoodWe GW29.9K-ET,,,,,,https://www.solidtrading.eu/goodwe-gw299k-et-p-522.html,,,,,,,,,,,,,,,,,,360.00,PLN,,,https://www.solidtrading.eu/images/flagi/england.png|https://www.solidtrading.eu/images/flagi/poland.png|https://www.solidtrading.eu/images/Logo napis.png|https://www.solidtrading.eu/images/Logo sma napis.png|https://www.solidtrading.eu/images/zdjecia/Goodwe/mini/350px_GoodWe GW20K-ET-20 20-29.webp,,,,,GoodWe GW29.9K-ET,pl,valid_product,
GoodWe GW40K-ET-10,,,,,,https://www.solidtrading.eu/goodwe-gw40k-et-10-p-523.html,,,,,,,,,,,,,,,,,,360.00,PLN,,,https://www.solidtrading.eu/images/flagi/england.png|https://www.solidtrading.eu/images/flagi/poland.png|https://www.solidtrading.eu/images/Logo napis.png|https://www.solidtrading.eu/images/Logo sma napis.png|https://www.solidtrading.eu/images/zdjecia/Goodwe/mini/350px_GoodWe GW40K-ET-10.webp,,,,,GoodWe GW40K-ET-10,pl,valid_product,
GoodWe GW50K-ET-10,,,,,,https://www.solidtrading.eu/goodwe-gw50k-et-10-p-524.html,,,,,,,,,,,,,,,,,,360.00,PLN,,,https://www.solidtrading.eu/images/flagi/england.png|https://www.solidtrading.eu/images/flagi/poland.png|https://www.solidtrading.eu/images/Logo napis.png|https://www.solidtrading.eu/images/Logo sma napis.png|https://www.solidtrading.eu/images/zdjecia/Goodwe/mini/350px_GoodWe GW40K-ET-10.webp,,,,,GoodWe GW50K-ET-10,pl,valid_product,
GoodWe GW4000-SDT-20,,,,,,https://www.solidtrading.eu/goodwe-gw4000-sdt-20-p-525.html,,,,,,,,,,,,,,,,,,50.00,PLN,,,https://www.solidtrading.eu/images/flagi/england.png|https://www.solidtrading.eu/images/flagi/poland.png|https://www.solidtrading.eu/images/Logo napis.png|https://www.solidtrading.eu/images/Logo sma napis.png|https://www.solidtrading.eu/images/zdjecia/Goodwe/mini/350px_GoodWe GW4000-SDT-20 SDT G2 Plus+.webp,,,,,GoodWe GW4000-SDT-20,pl,valid_product,
GoodWe GW5000N-EH Plus+ 16A,,,,,,https://www.solidtrading.eu/goodwe-gw5000n-eh-plus-16a-p-604.html,,,,,,,,,,,,,,,,,,50.00,PLN,,,https://www.solidtrading.eu/images/flagi/england.png|https://www.solidtrading.eu/images/flagi/poland.png|https://www.solidtrading.eu/images/Logo napis.png|https://www.solidtrading.eu/images/Logo sma napis.png|https://www.solidtrading.eu/images/zdjecia/Goodwe/mini/350px_GoodWe GW5000N-EH Plus+ 16A.webp,,,,,GoodWe GW5000N-EH Plus+ 16A,pl,valid_product,
Goodwe GW20K-SDT-20 SDT G2 Plus+,,,,,,https://www.solidtrading.eu/goodwe-gw20k-sdt-20-sdt-g2-plus-p-605.html,,,,,,,,,,,,,,,,,,50.00,PLN,,,https://www.solidtrading.eu/images/flagi/england.png|https://www.solidtrading.eu/images/flagi/poland.png|https://www.solidtrading.eu/images/Logo napis.png|https://www.solidtrading.eu/images/Logo sma napis.png|https://www.solidtrading.eu/images/zdjecia/Goodwe/mini/350px_Goodwe GW20K-SDT-20 SDT G2 Plus+.png,,,,,Goodwe GW20K-SDT-20 SDT G2 Plus+,pl,valid_product,
GoodWe GW50KS-MT,,,,,,https://www.solidtrading.eu/goodwe-gw50ks-mt-p-606.html,,,,,,,,,,,,,,,,,,360.00,PLN,,,https://www.solidtrading.eu/images/flagi/england.png|https://www.solidtrading.eu/images/flagi/poland.png|https://www.solidtrading.eu/images/Logo napis.png|https://www.solidtrading.eu/images/Logo sma napis.png|https://www.solidtrading.eu/images/zdjecia/Goodwe/mini/350px_GoodWe GW50KS-MT.webp,,,,,GoodWe GW50KS-MT,pl,valid_product,
Goodwe GW250KN-HT,,,,,,https://www.solidtrading.eu/goodwe-gw250kn-ht-p-616.html,,,,,,,,,,,,,,,,,,360.00,PLN,,,https://www.solidtrading.eu/images/flagi/england.png|https://www.solidtrading.eu/images/flagi/poland.png|https://www.solidtrading.eu/images/Logo napis.png|https://www.solidtrading.eu/images/Logo sma napis.png|https://www.solidtrading.eu/images/zdjecia/Goodwe/mini/350px_1 goodwe-gw250kn-ht.webp,,,,,Goodwe GW250KN-HT,pl,valid_product,
GoodWe GW8000-ET-20,,,,,,https://www.solidtrading.eu/goodwe-gw8000-et-20-p-618.html,,,,,,,,,,,,,,,,,,360.00,PLN,,,https://www.solidtrading.eu/images/flagi/england.png|https://www.solidtrading.eu/images/flagi/poland.png|https://www.solidtrading.eu/images/Logo napis.png|https://www.solidtrading.eu/images/Logo sma napis.png|https://www.solidtrading.eu/images/zdjecia/Goodwe/mini/350px_GoodWe GW8000-ET-20.webp,,,,,GoodWe GW8000-ET-20,pl,valid_product,
GoodWe GW8000-SDT-30,,,,,,https://www.solidtrading.eu/goodwe-gw8000-sdt-30-p-619.html,,,,,,,,,,,,,,,,,,50.00,PLN,,,https://www.solidtrading.eu/images/flagi/england.png|https://www.solidtrading.eu/images/flagi/poland.png|https://www.solidtrading.eu/images/Logo napis.png|https://www.solidtrading.eu/images/Logo sma napis.png|https://www.solidtrading.eu/images/zdjecia/Goodwe/mini/350px_GoodWe GW8000-SDT-30.webp,,,,,GoodWe GW8000-SDT-30,pl,valid_product,
GoodWe GW50KS-MT,,,,,,https://www.solidtrading.eu/goodwe-gw50ks-mt-p-621.html,,,,,,,,,,,,,,,,,,360.00,PLN,,,https://www.solidtrading.eu/images/flagi/england.png|https://www.solidtrading.eu/images/flagi/poland.png|https://www.solidtrading.eu/images/Logo napis.png|https://www.solidtrading.eu/images/Logo sma napis.png|https://www.solidtrading.eu/images/zdjecia/Goodwe/mini/350px_GoodWe GW50KS-MT.webp,,,,,GoodWe GW50KS-MT,pl,valid_product,
Huawei SUN2000-6KTL L1,,,,,,https://www.solidtrading.eu/huawei-sun2000-6ktl-l1-p-527.html,,,,,,,,,,,,,,,,,,50.00,PLN,,,https://www.solidtrading.eu/images/flagi/england.png|https://www.solidtrading.eu/images/flagi/poland.png|https://www.solidtrading.eu/images/Logo napis.png|https://www.solidtrading.eu/images/Logo sma napis.png|https://www.solidtrading.eu/images/zdjecia/Huawei/mini/350px_Huawei SUN2000-6KTL L1.webp,,,,,Huawei SUN2000-6KTL L1,pl,valid_product,
Huawei SUN2000-8KTL M1,,,,,,https://www.solidtrading.eu/huawei-sun2000-8ktl-m1-p-528.html,,,,,,,,,,,,,,,,,,50.00,PLN,,,https://www.solidtrading.eu/images/flagi/england.png|https://www.solidtrading.eu/images/flagi/poland.png|https://www.solidtrading.eu/images/Logo napis.png|https://www.solidtrading.eu/images/Logo sma napis.png|https://www.solidtrading.eu/images/zdjecia/Huawei/mini/350px_Huawei SUN2000-8KTL M1.webp,,,,,Huawei SUN2000-8KTL M1,pl,valid_product,
Huawei SUN2000-10KTL M1,,,,,,https://www.solidtrading.eu/huawei-sun2000-10ktl-m1-p-529.html,,,,,,,,,,,,,,,,,,50.00,PLN,,,https://www.solidtrading.eu/images/flagi/england.png|https://www.solidtrading.eu/images/flagi/poland.png|https://www.solidtrading.eu/images/Logo napis.png|https://www.solidtrading.eu/images/Logo sma napis.png|https://www.solidtrading.eu/images/zdjecia/Huawei/mini/350px_Huawei SUN2000-10KTL M1.webp,,,,,Huawei SUN2000-10KTL M1,pl,valid_product,
Huawei SUN2000-15KTL M2,,,,,,https://www.solidtrading.eu/huawei-sun2000-15ktl-m2-p-530.html,,,,,,,,,,,,,,,,,,50.00,PLN,,,https://www.solidtrading.eu/images/flagi/england.png|https://www.solidtrading.eu/images/flagi/poland.png|https://www.solidtrading.eu/images/Logo napis.png|https://www.solidtrading.eu/images/Logo sma napis.png|https://www.solidtrading.eu/images/zdjecia/Huawei/mini/350px_Huawei SUN2000-15KTL M2.webp,,,,,Huawei SUN2000-15KTL M2,pl,valid_product,
Huawei SUN2000-5K-LB0,,,,,,https://www.solidtrading.eu/huawei-sun2000-5k-lb0-p-531.html,,,,,,,,,,,,,,,,,,50.00,PLN,,,https://www.solidtrading.eu/images/flagi/england.png|https://www.solidtrading.eu/images/flagi/poland.png|https://www.solidtrading.eu/images/Logo napis.png|https://www.solidtrading.eu/images/Logo sma napis.png|https://www.solidtrading.eu/images/zdjecia/Huawei/mini/350px_Huawei SUN2000-5K-LB0.webp,,,,,Huawei SUN2000-5K-LB0,pl,valid_product,
Huawei SUN2000-6K-LB0,,,,,,https://www.solidtrading.eu/huawei-sun2000-6k-lb0-p-532.html,,,,,,,,,,,,,,,,,,50.00,PLN,,,https://www.solidtrading.eu/images/flagi/england.png|https://www.solidtrading.eu/images/flagi/poland.png|https://www.solidtrading.eu/images/Logo napis.png|https://www.solidtrading.eu/images/Logo sma napis.png|https://www.solidtrading.eu/images/zdjecia/Huawei/mini/350px_Huawei SUN2000-5K-LB0.webp,,,,,Huawei SUN2000-6K-LB0,pl,valid_product,
Huawei SUN2000-8K-LC0,,,,,,https://www.solidtrading.eu/huawei-sun2000-8k-lc0-p-533.html,,,,,,,,,,,,,,,,,,50.00,PLN,,,https://www.solidtrading.eu/images/flagi/england.png|https://www.solidtrading.eu/images/flagi/poland.png|https://www.solidtrading.eu/images/Logo napis.png|https://www.solidtrading.eu/images/Logo sma napis.png|https://www.solidtrading.eu/images/zdjecia/Huawei/mini/350px_Huawei SUN2000-8K-LC0.webp,,,,,Huawei SUN2000-8K-LC0,pl,valid_product,
Huawei SUN2000-10K LC0,,,,,,https://www.solidtrading.eu/huawei-sun2000-10k-lc0-p-534.html,,,,,,,,,,,,,,,,,,50.00,PLN,,,https://www.solidtrading.eu/images/flagi/england.png|https://www.solidtrading.eu/images/flagi/poland.png|https://www.solidtrading.eu/images/Logo napis.png|https://www.solidtrading.eu/images/Logo sma napis.png|https://www.solidtrading.eu/images/zdjecia/Huawei/mini/350px_Huawei SUN2000-10K LC0.webp,,,,,Huawei SUN2000-10K LC0,pl,valid_product,
Huawei SUN2000-12k MAP0,,,,,,https://www.solidtrading.eu/huawei-sun2000-12k-map0-p-535.html,,,,,,,,,,,,,,,,,,50.00,PLN,,,https://www.solidtrading.eu/images/flagi/england.png|https://www.solidtrading.eu/images/flagi/poland.png|https://www.solidtrading.eu/images/Logo napis.png|https://www.solidtrading.eu/images/Logo sma napis.png|https://www.solidtrading.eu/images/zdjecia/Huawei/mini/350px_Huawei SUN2000-12k MAP0.webp,,,,,Huawei SUN2000-12k MAP0,pl,valid_product,
Huawei SUN2000-17KTL-M5,,,,,,https://www.solidtrading.eu/huawei-sun2000-17ktl-m5-p-536.html,,,,,,,,,,,,,,,,,,50.00,PLN,,,https://www.solidtrading.eu/images/flagi/england.png|https://www.solidtrading.eu/images/flagi/poland.png|https://www.solidtrading.eu/images/Logo napis.png|https://www.solidtrading.eu/images/Logo sma napis.png|https://www.solidtrading.eu/images/zdjecia/Huawei/mini/350px_Huawei SUN2000-17KTL-M5.webp,,,,,Huawei SUN2000-17KTL-M5,pl,valid_product,
Huawei SUN2000-25KTL-MB0,,,,,,https://www.solidtrading.eu/huawei-sun2000-25ktl-mb0-p-538.html,,,,,,,,,,,,,,,,,,50.00,PLN,,,https://www.solidtrading.eu/images/flagi/england.png|https://www.solidtrading.eu/images/flagi/poland.png|https://www.solidtrading.eu/images/Logo napis.png|https://www.solidtrading.eu/images/Logo sma napis.png|https://www.solidtrading.eu/images/zdjecia/Huawei/mini/350px_Huawei SUN2000-25KTL-MB0.png,,,,,Huawei SUN2000-25KTL-MB0,pl,valid_product,
Huawei SUN2000-100KTL M2,,,,,,https://www.solidtrading.eu/huawei-sun2000-100ktl-m2-p-622.html,,,,,,,,,,,,,,,,,,360.00,PLN,,,https://www.solidtrading.eu/images/flagi/england.png|https://www.solidtrading.eu/images/flagi/poland.png|https://www.solidtrading.eu/images/Logo napis.png|https://www.solidtrading.eu/images/Logo sma napis.png|https://www.solidtrading.eu/images/zdjecia/Huawei/mini/350px_Huawei SUN2000-100KTL M2.webp,,,,,Huawei SUN2000-100KTL M2,pl,valid_product,
Huawei SUN2000-115KTL M2,,,,,,https://www.solidtrading.eu/huawei-sun2000-115ktl-m2-p-539.html,,,,,,,,,,,,,,,,,,360.00,PLN,,,https://www.solidtrading.eu/images/flagi/england.png|https://www.solidtrading.eu/images/flagi/poland.png|https://www.solidtrading.eu/images/Logo napis.png|https://www.solidtrading.eu/images/Logo sma napis.png|https://www.solidtrading.eu/images/zdjecia/Huawei/mini/350px_Huawei SUN2000-115KTL M2.webp,,,,,Huawei SUN2000-115KTL M2,pl,valid_product,
Huawei SUN2000-215KTL-H0,,,,,,https://www.solidtrading.eu/huawei-sun2000-215ktl-h0-p-540.html,,,,,,,,,,,,,,,,,,360.00,PLN,,,https://www.solidtrading.eu/images/flagi/england.png|https://www.solidtrading.eu/images/flagi/poland.png|https://www.solidtrading.eu/images/Logo napis.png|https://www.solidtrading.eu/images/Logo sma napis.png|https://www.solidtrading.eu/images/zdjecia/Huawei/mini/350px_Huawei SUN2000-215KTL-H0.webp,,,,,Huawei SUN2000-215KTL-H0,pl,valid_product,
Huawei SUN2000-330KTL-H1,,,,,,https://www.solidtrading.eu/huawei-sun2000-330ktl-h1-p-541.html,,,,,,,,,,,,,,,,,,360.00,PLN,,,https://www.solidtrading.eu/images/flagi/england.png|https://www.solidtrading.eu/images/flagi/poland.png|https://www.solidtrading.eu/images/Logo napis.png|https://www.solidtrading.eu/images/Logo sma napis.png|https://www.solidtrading.eu/images/zdjecia/Huawei/mini/350px_Huawei SUN2000-330KTL-H1.webp,,,,,Huawei SUN2000-330KTL-H1,pl,valid_product,
Huawei SUN2000-20KTL-M2,,,,,,https://www.solidtrading.eu/huawei-sun2000-20ktl-m2-p-685.html,,,,,,,,,,,,,,,,,,50.00,PLN,,,https://www.solidtrading.eu/images/flagi/england.png|https://www.solidtrading.eu/images/flagi/poland.png|https://www.solidtrading.eu/images/Logo napis.png|https://www.solidtrading.eu/images/Logo sma napis.png|https://www.solidtrading.eu/images/zdjecia/Huawei/mini/350px_Huawei SUN2000-20KTL-M2.webp,,,,,Huawei  SUN2000-20KTL-M2,pl,valid_product,
SolarEdge SE3680H-RW000BEN4,,,,,,https://www.solidtrading.eu/solaredge-se3680h-rw000ben4-p-552.html,,,,,,,,,,,,,,,,,,50.00,PLN,,,https://www.solidtrading.eu/images/flagi/england.png|https://www.solidtrading.eu/images/flagi/poland.png|https://www.solidtrading.eu/images/Logo napis.png|https://www.solidtrading.eu/images/Logo sma napis.png|https://www.solidtrading.eu/images/zdjecia/SolarEdge/mini/350px_2 solaredge-se3000h-rw000ben4.webp,,,,,SolarEdge SE3680H-RW000BEN4,pl,valid_product,
SolarEdge SE4000H-RW000BEN4,,,,,,https://www.solidtrading.eu/solaredge-se4000h-rw000ben4-p-553.html,,,,,,,,,,,,,,,,,,50.00,PLN,,,https://www.solidtrading.eu/images/flagi/england.png|https://www.solidtrading.eu/images/flagi/poland.png|https://www.solidtrading.eu/images/Logo napis.png|https://www.solidtrading.eu/images/Logo sma napis.png|https://www.solidtrading.eu/images/zdjecia/SolarEdge/mini/350px_2 solaredge-se3000h-rw000ben4.webp,,,,,SolarEdge SE4000H-RW000BEN4,pl,valid_product,
SolarEdge SE5000H-RW000BEN4,,,,,,https://www.solidtrading.eu/solaredge-se5000h-rw000ben4-p-554.html,,,,,,,,,,,,,,,,,,50.00,PLN,,,https://www.solidtrading.eu/images/flagi/england.png|https://www.solidtrading.eu/images/flagi/poland.png|https://www.solidtrading.eu/images/Logo napis.png|https://www.solidtrading.eu/images/Logo sma napis.png|https://www.solidtrading.eu/images/zdjecia/SolarEdge/mini/350px_2 solaredge-se3000h-rw000ben4.webp,,,,,SolarEdge SE5000H-RW000BEN4,pl,valid_product,
SolarEdge SE6000H-RW000BEN4,,,,,,https://www.solidtrading.eu/solaredge-se6000h-rw000ben4-p-555.html,,,,,,,,,,,,,,,,,,50.00,PLN,,,https://www.solidtrading.eu/images/flagi/england.png|https://www.solidtrading.eu/images/flagi/poland.png|https://www.solidtrading.eu/images/Logo napis.png|https://www.solidtrading.eu/images/Logo sma napis.png|https://www.solidtrading.eu/images/zdjecia/SolarEdge/mini/350px_2 solaredge-se3000h-rw000ben4.webp,,,,,SolarEdge SE6000H-RW000BEN4,pl,valid_product,
Solar Edge SE5K-RWS48BEN4,,,,,,https://www.solidtrading.eu/solar-edge-se5k-rws48ben4-p-556.html,,,,,,,,,,,,,,,,,,360.00,PLN,,,https://www.solidtrading.eu/images/flagi/england.png|https://www.solidtrading.eu/images/flagi/poland.png|https://www.solidtrading.eu/images/Logo napis.png|https://www.solidtrading.eu/images/Logo sma napis.png|https://www.solidtrading.eu/images/zdjecia/SolarEdge/mini/350px_3 solaredge-se8k-rws48ben4.webp,,,,,Solar Edge SE5K-RWS48BEN4,pl,valid_product,
SolarEdge SE5K-RWB48BFN4,,,,,,https://www.solidtrading.eu/solaredge-se5k-rwb48bfn4-p-557.html,,,,,,,,,,,,,,,,,,360.00,PLN,,,https://www.solidtrading.eu/images/flagi/england.png|https://www.solidtrading.eu/images/flagi/poland.png|https://www.solidtrading.eu/images/Logo napis.png|https://www.solidtrading.eu/images/Logo sma napis.png|https://www.solidtrading.eu/images/zdjecia/SolarEdge/mini/350px_SolarEdge SE5K-RWB48BFN4 5-10.webp,,,,,SolarEdge SE5K-RWB48BFN4,pl,valid_product,
SolarEdge SE8K-RWB48BFN4,,,,,,https://www.solidtrading.eu/solaredge-se8k-rwb48bfn4-p-632.html,,,,,,,,,,,,,,,,,,360.00,PLN,,,https://www.solidtrading.eu/images/flagi/england.png|https://www.solidtrading.eu/images/flagi/poland.png|https://www.solidtrading.eu/images/Logo napis.png|https://www.solidtrading.eu/images/Logo sma napis.png|https://www.solidtrading.eu/images/zdjecia/SolarEdge/mini/350px_SolarEdge SE5K-RWB48BFN4 5-10.webp,,,,,SolarEdge SE8K-RWB48BFN4,pl,valid_product,
SolarEdge SE10K-RWB48BFN4,,,,,,https://www.solidtrading.eu/solaredge-se10k-rwb48bfn4-p-633.html,,,,,,,,,,,,,,,,,,360.00,PLN,,,https://www.solidtrading.eu/images/flagi/england.png|https://www.solidtrading.eu/images/flagi/poland.png|https://www.solidtrading.eu/images/Logo napis.png|https://www.solidtrading.eu/images/Logo sma napis.png|https://www.solidtrading.eu/images/zdjecia/SolarEdge/mini/350px_SolarEdge SE5K-RWB48BFN4 5-10.webp,,,,,SolarEdge SE10K-RWB48BFN4,pl,valid_product,
SolarEdge SE6K-RW0TEBEN4,,,,,,https://www.solidtrading.eu/solaredge-se6k-rw0teben4-p-634.html,,,,,,,,,,,,,,,,,,50.00,PLN,,,https://www.solidtrading.eu/images/flagi/england.png|https://www.solidtrading.eu/images/flagi/poland.png|https://www.solidtrading.eu/images/Logo napis.png|https://www.solidtrading.eu/images/Logo sma napis.png|https://www.solidtrading.eu/images/zdjecia/SolarEdge/mini/350px_5 solaredge-se9k-rw0teben4 (1).webp,,,,,SolarEdge SE6K-RW0TEBEN4,pl,valid_product,
SolarEdge SE8K-RW0TEBEN4,,,,,,https://www.solidtrading.eu/solaredge-se8k-rw0teben4-p-635.html,,,,,,,,,,,,,,,,,,50.00,PLN,,,https://www.solidtrading.eu/images/flagi/england.png|https://www.solidtrading.eu/images/flagi/poland.png|https://www.solidtrading.eu/images/Logo napis.png|https://www.solidtrading.eu/images/Logo sma napis.png|https://www.solidtrading.eu/images/zdjecia/SolarEdge/mini/350px_5 solaredge-se9k-rw0teben4 (1).webp,,,,,SolarEdge SE8K-RW0TEBEN4,pl,valid_product,
SolarEdge SE16K-RW0T0BNN4,,,,,,https://www.solidtrading.eu/solaredge-se16k-rw0t0bnn4-p-636.html,,,,,,,,,,,,,,,,,,360.00,PLN,,,https://www.solidtrading.eu/images/flagi/england.png|https://www.solidtrading.eu/images/flagi/poland.png|https://www.solidtrading.eu/images/Logo napis.png|https://www.solidtrading.eu/images/Logo sma napis.png|https://www.solidtrading.eu/images/zdjecia/SolarEdge/mini/350px_SolarEdge SE16K-RW0T0BNN4.webp,,,,,SolarEdge SE16K-RW0T0BNN4,pl,valid_product,
SolarEdge SE17K-RW0T0BNN4,,,,,,https://www.solidtrading.eu/solaredge-se17k-rw0t0bnn4-p-637.html,,,,,,,,,,,,,,,,,,360.00,PLN,,,https://www.solidtrading.eu/images/flagi/england.png|https://www.solidtrading.eu/images/flagi/poland.png|https://www.solidtrading.eu/images/Logo napis.png|https://www.solidtrading.eu/images/Logo sma napis.png|https://www.solidtrading.eu/images/zdjecia/SolarEdge/mini/350px_SolarEdge SE16K-RW0T0BNN4.webp,,,,,SolarEdge SE17K-RW0T0BNN4,pl,valid_product,
SolarEdge SE50k + 2x SESUK,,,,,,https://www.solidtrading.eu/solaredge-se50k-2x-sesuk-p-638.html,,,,,,,,,,,,,,,,,,360.00,PLN,,,https://www.solidtrading.eu/images/flagi/england.png|https://www.solidtrading.eu/images/flagi/poland.png|https://www.solidtrading.eu/images/Logo napis.png|https://www.solidtrading.eu/images/Logo sma napis.png|https://www.solidtrading.eu/images/zdjecia/SolarEdge/mini/350px_SolarEdge SE50k + 2x SESUK.webp,,,,,SolarEdge SE50k + 2x SESUK,pl,valid_product,
SolarEdge SE66k + 2x SESUK,,,,,,https://www.solidtrading.eu/solaredge-se66k-2x-sesuk-p-639.html,,,,,,,,,,,,,,,,,,360.00,PLN,,,https://www.solidtrading.eu/images/flagi/england.png|https://www.solidtrading.eu/images/flagi/poland.png|https://www.solidtrading.eu/images/Logo napis.png|https://www.solidtrading.eu/images/Logo sma napis.png|https://www.solidtrading.eu/images/zdjecia/SolarEdge/mini/350px_SolarEdge SE50k + 2x SESUK.webp,,,,,SolarEdge SE66k + 2x SESUK,pl,valid_product,
SolarEdge SE90k + 3x SESUK,,,,,,https://www.solidtrading.eu/solaredge-se90k-3x-sesuk-p-640.html,,,,,,,,,,,,,,,,,,360.00,PLN,,,https://www.solidtrading.eu/images/flagi/england.png|https://www.solidtrading.eu/images/flagi/poland.png|https://www.solidtrading.eu/images/Logo napis.png|https://www.solidtrading.eu/images/Logo sma napis.png|https://www.solidtrading.eu/images/zdjecia/SolarEdge/mini/350px_SolarEdge SE50k + 2x SESUK.webp,,,,,SolarEdge SE90k + 3x SESUK,pl,valid_product,
SolarEdge SE100K,,,,,,https://www.solidtrading.eu/solaredge-se100k-p-642.html,,,,,,,,,,,,,,,,,,360.00,PLN,,,https://www.solidtrading.eu/images/flagi/england.png|https://www.solidtrading.eu/images/flagi/poland.png|https://www.solidtrading.eu/images/Logo napis.png|https://www.solidtrading.eu/images/Logo sma napis.png|https://www.solidtrading.eu/images/zdjecia/SolarEdge/mini/350px_SolarEdge SE66K.webp,,,,,SolarEdge SE100K,pl,valid_product,
SolarEdge SE2200H,,,,,,https://www.solidtrading.eu/solaredge-se2200h-p-643.html,,,,,,,,,,,,,,,,,,50.00,PLN,,,https://www.solidtrading.eu/images/flagi/england.png|https://www.solidtrading.eu/images/flagi/poland.png|https://www.solidtrading.eu/images/Logo napis.png|https://www.solidtrading.eu/images/Logo sma napis.png|https://www.solidtrading.eu/images/zdjecia/SolarEdge/mini/350px_SolarEdge SE2200H.webp,,,,,SolarEdge SE2200H,pl,valid_product,
SolarEdge SE25K-RW00IBNM4,,,,,,https://www.solidtrading.eu/solaredge-se25k-rw00ibnm4-p-736.html,,,,,,,,,,,,,,,,,,360.00,PLN,,,https://www.solidtrading.eu/images/flagi/england.png|https://www.solidtrading.eu/images/flagi/poland.png|https://www.solidtrading.eu/images/Logo napis.png|https://www.solidtrading.eu/images/Logo sma napis.png|https://www.solidtrading.eu/images/zdjecia/SolarEdge/mini/350px_SolarEdge SE25K-RW00IBNM4.webp,,,,,SolarEdge SE25K-RW00IBNM4,pl,valid_product,
SolarEdge SE3500H,,,,,,https://www.solidtrading.eu/solaredge-se3500h-p-691.html,,,,,,,,,,,,,,,,,,50.00,PLN,,,https://www.solidtrading.eu/images/flagi/england.png|https://www.solidtrading.eu/images/flagi/poland.png|https://www.solidtrading.eu/images/Logo napis.png|https://www.solidtrading.eu/images/Logo sma napis.png|https://www.solidtrading.eu/images/zdjecia/SolarEdge/mini/350px_SolarEdge SE3500H.webp,,,,,SolarEdge SE3500H,pl,valid_product,
Solplanet ASW6K LT G2,,,,,,https://www.solidtrading.eu/solplanet-asw6k-lt-g2-p-658.html,,,,,,,,,,,,,,,,,,50.00,PLN,,,https://www.solidtrading.eu/images/flagi/england.png|https://www.solidtrading.eu/images/flagi/poland.png|https://www.solidtrading.eu/images/Logo napis.png|https://www.solidtrading.eu/images/Logo sma napis.png|https://www.solidtrading.eu/images/zdjecia/Solplanet/mini/350px_Solplanet ASW3K LT G2.webp,,,,,Solplanet ASW6K LT G2,pl,valid_product,
Solplanet ASW8K LT G2,,,,,,https://www.solidtrading.eu/solplanet-asw8k-lt-g2-p-659.html,,,,,,,,,,,,,,,,,,50.00,PLN,,,https://www.solidtrading.eu/images/flagi/england.png|https://www.solidtrading.eu/images/flagi/poland.png|https://www.solidtrading.eu/images/Logo napis.png|https://www.solidtrading.eu/images/Logo sma napis.png|https://www.solidtrading.eu/images/zdjecia/Solplanet/mini/350px_Solplanet ASW8K LT G2.webp,,,,,Solplanet ASW8K LT G2,pl,valid_product,
Solplanet ASW10K LT G2,,,,,,https://www.solidtrading.eu/solplanet-asw10k-lt-g2-p-660.html,,,,,,,,,,,,,,,,,,50.00,PLN,,,https://www.solidtrading.eu/images/flagi/england.png|https://www.solidtrading.eu/images/flagi/poland.png|https://www.solidtrading.eu/images/Logo napis.png|https://www.solidtrading.eu/images/Logo sma napis.png|https://www.solidtrading.eu/images/zdjecia/Solplanet/mini/350px_Solplanet ASW8K LT G2.webp,,,,,Solplanet ASW10K LT G2,pl,valid_product,
Solplanet ASW80K LT G2,,,,,,https://www.solidtrading.eu/solplanet-asw80k-lt-g2-p-661.html,,,,,,,,,,,,,,,,,,360.00,PLN,,,https://www.solidtrading.eu/images/flagi/england.png|https://www.solidtrading.eu/images/flagi/poland.png|https://www.solidtrading.eu/images/Logo napis.png|https://www.solidtrading.eu/images/Logo sma napis.png|https://www.solidtrading.eu/images/zdjecia/Solplanet/mini/350px_Solplanet ASW80K LT G2.webp,,,,,Solplanet ASW80K LT G2,pl,valid_product,
Solplanet ASW 06KH T2,,,,,,https://www.solidtrading.eu/solplanet-asw-06kh-t2-p-662.html,,,,,,,,,,,,,,,,,,50.00,PLN,,,https://www.solidtrading.eu/images/flagi/england.png|https://www.solidtrading.eu/images/flagi/poland.png|https://www.solidtrading.eu/images/Logo napis.png|https://www.solidtrading.eu/images/Logo sma napis.png|https://www.solidtrading.eu/images/zdjecia/Solplanet/mini/350px_Solplanet ASW 06KH T2.webp,,,,,Solplanet ASW 06KH T2,pl,valid_product,
Solplanet ASW 08KH T2,,,,,,https://www.solidtrading.eu/solplanet-asw-08kh-t2-p-698.html,,,,,,,,,,,,,,,,,,50.00,PLN,,,https://www.solidtrading.eu/images/flagi/england.png|https://www.solidtrading.eu/images/flagi/poland.png|https://www.solidtrading.eu/images/Logo napis.png|https://www.solidtrading.eu/images/Logo sma napis.png|https://www.solidtrading.eu/images/zdjecia/Solplanet/mini/350px_Solplanet ASW 08KH T3.webp,,,,,Solplanet ASW 08KH T2,pl,valid_product,
Solax X1-Boost 3,,,,,,https://www.solidtrading.eu/solax-x1-boost-3-p-559.html,,,,,,,,,,,,,,,,,,50.00,PLN,,,https://www.solidtrading.eu/images/flagi/england.png|https://www.solidtrading.eu/images/flagi/poland.png|https://www.solidtrading.eu/images/Logo napis.png|https://www.solidtrading.eu/images/Logo sma napis.png|https://www.solidtrading.eu/images/zdjecia/Solax/mini/350px_Solax X1-Boost 3.webp,,,,,Solax X1-Boost 3,pl,valid_product,
Solax X1-Mini 0.6,,,,,,https://www.solidtrading.eu/solax-x1-mini-06-p-560.html,,,,,,,,,,,,,,,,,,50.00,PLN,,,https://www.solidtrading.eu/images/flagi/england.png|https://www.solidtrading.eu/images/flagi/poland.png|https://www.solidtrading.eu/images/Logo napis.png|https://www.solidtrading.eu/images/Logo sma napis.png|https://www.solidtrading.eu/images/zdjecia/Solax/mini/350px_Solax X1-Mini 0.6.webp,,,,,Solax X1-Mini 0.6,pl,valid_product,
Solax X1-Mini 1.1,,,,,,https://www.solidtrading.eu/solax-x1-mini-11-p-561.html,,,,,,,,,,,,,,,,,,50.00,PLN,,,https://www.solidtrading.eu/images/flagi/england.png|https://www.solidtrading.eu/images/flagi/poland.png|https://www.solidtrading.eu/images/Logo napis.png|https://www.solidtrading.eu/images/Logo sma napis.png|https://www.solidtrading.eu/images/zdjecia/Solax/mini/350px_Solax X1-Mini 1.1.webp,,,,,Solax X1-Mini 1.1,pl,valid_product,
Solax X1-Mini 2.0,,,,,,https://www.solidtrading.eu/solax-x1-mini-20-p-649.html,,,,,,,,,,,,,,,,,,50.00,PLN,,,https://www.solidtrading.eu/images/flagi/england.png|https://www.solidtrading.eu/images/flagi/poland.png|https://www.solidtrading.eu/images/Logo napis.png|https://www.solidtrading.eu/images/Logo sma napis.png|https://www.solidtrading.eu/images/zdjecia/Solax/mini/350px_Solax X1-Mini 1.1.webp,,,,,Solax X1-Mini 2.0,pl,valid_product,
Solax X3-MIC-3K-G2,,,,,,https://www.solidtrading.eu/solax-x3-mic-3k-g2-p-650.html,,,,,,,,,,,,,,,,,,50.00,PLN,,,https://www.solidtrading.eu/images/flagi/england.png|https://www.solidtrading.eu/images/flagi/poland.png|https://www.solidtrading.eu/images/Logo napis.png|https://www.solidtrading.eu/images/Logo sma napis.png|https://www.solidtrading.eu/images/zdjecia/Solax/mini/350px_Solax X3-MIC-3K-G2.webp,,,,,Solax X3-MIC-3K-G2,pl,valid_product,
Solax X3-MIC-4K-G2,,,,,,https://www.solidtrading.eu/solax-x3-mic-4k-g2-p-651.html,,,,,,,,,,,,,,,,,,50.00,PLN,,,https://www.solidtrading.eu/images/flagi/england.png|https://www.solidtrading.eu/images/flagi/poland.png|https://www.solidtrading.eu/images/Logo napis.png|https://www.solidtrading.eu/images/Logo sma napis.png|https://www.solidtrading.eu/images/zdjecia/Solax/mini/350px_Solax X3-MIC-4K-G2.webp,,,,,Solax X3-MIC-4K-G2,pl,valid_product,
Solax X3-MIC-8K-G2,,,,,,https://www.solidtrading.eu/solax-x3-mic-8k-g2-p-652.html,,,,,,,,,,,,,,,,,,50.00,PLN,,,https://www.solidtrading.eu/images/flagi/england.png|https://www.solidtrading.eu/images/flagi/poland.png|https://www.solidtrading.eu/images/Logo napis.png|https://www.solidtrading.eu/images/Logo sma napis.png|https://www.solidtrading.eu/images/zdjecia/Solax/mini/350px_Solax X3-MIC-8K-G2.webp,,,,,Solax X3-MIC-8K-G2,pl,valid_product,
Solax X3-MIC-15K-G2,,,,,,https://www.solidtrading.eu/solax-x3-mic-15k-g2-p-653.html,,,,,,,,,,,,,,,,,,50.00,PLN,,,https://www.solidtrading.eu/images/flagi/england.png|https://www.solidtrading.eu/images/flagi/poland.png|https://www.solidtrading.eu/images/Logo napis.png|https://www.solidtrading.eu/images/Logo sma napis.png|https://www.solidtrading.eu/images/zdjecia/Solax/mini/350px_Solax X3-MIC-15K-G2.webp,,,,,Solax X3-MIC-15K-G2,pl,valid_product,
SolaX X1-Hybrid-3.0-D-G4,,,,,,https://www.solidtrading.eu/solax-x1-hybrid-30-d-g4-p-654.html,,,,,,,,,,,,,,,,,,50.00,PLN,,,https://www.solidtrading.eu/images/flagi/england.png|https://www.solidtrading.eu/images/flagi/poland.png|https://www.solidtrading.eu/images/Logo napis.png|https://www.solidtrading.eu/images/Logo sma napis.png|https://www.solidtrading.eu/images/zdjecia/Solax/mini/350px_SolaX X1-Hybrid-3.0-D-G4.webp,,,,,SolaX X1-Hybrid-3.0-D-G4,pl,valid_product,
SolaX X3-Hybrid-5.0-D,,,,,,https://www.solidtrading.eu/solax-x3-hybrid-50-d-p-655.html,,,,,,,,,,,,,,,,,,360.00,PLN,,,https://www.solidtrading.eu/images/flagi/england.png|https://www.solidtrading.eu/images/flagi/poland.png|https://www.solidtrading.eu/images/Logo napis.png|https://www.solidtrading.eu/images/Logo sma napis.png|https://www.solidtrading.eu/images/zdjecia/Solax/mini/350px_SolaX X3-Hybrid-5.0-D.webp,,,,,SolaX X3-Hybrid-5.0-D,pl,valid_product,
SolaX X3-Hybrid-8.0-D,,,,,,https://www.solidtrading.eu/solax-x3-hybrid-80-d-p-692.html,,,,,,,,,,,,,,,,,,360.00,PLN,,,https://www.solidtrading.eu/images/flagi/england.png|https://www.solidtrading.eu/images/flagi/poland.png|https://www.solidtrading.eu/images/Logo napis.png|https://www.solidtrading.eu/images/Logo sma napis.png|https://www.solidtrading.eu/images/zdjecia/Solax/mini/350px_SolaX X3-Hybrid-8.0-D.webp,,,,,SolaX X3-Hybrid-8.0-D,pl,valid_product,
SolaX X3-Hybrid-10.0-D,,,,,,https://www.solidtrading.eu/solax-x3-hybrid-100-d-p-693.html,,,,,,,,,,,,,,,,,,360.00,PLN,,,https://www.solidtrading.eu/images/flagi/england.png|https://www.solidtrading.eu/images/flagi/poland.png|https://www.solidtrading.eu/images/Logo napis.png|https://www.solidtrading.eu/images/Logo sma napis.png|https://www.solidtrading.eu/images/zdjecia/Solax/mini/350px_SolaX G4 X3-Hybrid-10.0-D.webp,,,,,SolaX X3-Hybrid-10.0-D,pl,valid_product,
SolaX X3-Hybrid-15.0-D,,,,,,https://www.solidtrading.eu/solax-x3-hybrid-150-d-p-694.html,,,,,,,,,,,,,,,,,,360.00,PLN,,,https://www.solidtrading.eu/images/flagi/england.png|https://www.solidtrading.eu/images/flagi/poland.png|https://www.solidtrading.eu/images/Logo napis.png|https://www.solidtrading.eu/images/Logo sma napis.png|https://www.solidtrading.eu/images/zdjecia/Solax/mini/350px_SolaX X3-Hybrid-5.0-D.webp,,,,,SolaX X3-Hybrid-15.0-D,pl,valid_product,
SolaX X3-Pro-30K-G2,,,,,,https://www.solidtrading.eu/solax-x3-pro-30k-g2-p-695.html,,,,,,,,,,,,,,,,,,360.00,PLN,,,https://www.solidtrading.eu/images/flagi/england.png|https://www.solidtrading.eu/images/flagi/poland.png|https://www.solidtrading.eu/images/Logo napis.png|https://www.solidtrading.eu/images/Logo sma napis.png|https://www.solidtrading.eu/images/zdjecia/Solax/mini/350px_SolaX X3-Pro-30K-G2.webp,,,,,SolaX X3-Pro-30K-G2,pl,valid_product,
SolaX X3-IES-10K,,,,,,https://www.solidtrading.eu/solax-x3-ies-10k-p-696.html,,,,,,,,,,,,,,,,,,360.00,PLN,,,https://www.solidtrading.eu/images/flagi/england.png|https://www.solidtrading.eu/images/flagi/poland.png|https://www.solidtrading.eu/images/Logo napis.png|https://www.solidtrading.eu/images/Logo sma napis.png|https://www.solidtrading.eu/images/zdjecia/Solax/mini/350px_SolaX X3-IES-10K.webp,,,,,SolaX X3-IES-10K,pl,valid_product,
Solax X3-FTH-136K,,,,,,https://www.solidtrading.eu/solax-x3-fth-136k-p-697.html,,,,,,,,,,,,,,,,,,360.00,PLN,,,https://www.solidtrading.eu/images/flagi/england.png|https://www.solidtrading.eu/images/flagi/poland.png|https://www.solidtrading.eu/images/Logo napis.png|https://www.solidtrading.eu/images/Logo sma napis.png|https://www.solidtrading.eu/images/zdjecia/Solax/mini/350px_2 HE-PVSOX3FTH80K_253551.jpg,,,,,Solax X3-FTH-136K,pl,valid_product,
Sungrow SG4.0RS,,,,,,https://www.solidtrading.eu/sungrow-sg40rs-p-564.html,,,,,,,,,,,,,,,,,,50.00,PLN,,,https://www.solidtrading.eu/images/flagi/england.png|https://www.solidtrading.eu/images/flagi/poland.png|https://www.solidtrading.eu/images/Logo napis.png|https://www.solidtrading.eu/images/Logo sma napis.png|https://www.solidtrading.eu/images/zdjecia/Sungrow/mini/350px_8 sungrow-sg30rs.webp,,,,,Sungrow SG4.0RS,pl,valid_product,
Sungrow SG4.0RT,,,,,,https://www.solidtrading.eu/sungrow-sg40rt-p-567.html,,,,,,,,,,,,,,,,,,50.00,PLN,,,https://www.solidtrading.eu/images/flagi/england.png|https://www.solidtrading.eu/images/flagi/poland.png|https://www.solidtrading.eu/images/Logo napis.png|https://www.solidtrading.eu/images/Logo sma napis.png|https://www.solidtrading.eu/images/zdjecia/Sungrow/mini/350px_Sungrow SG3.0RT.webp,,,,,Sungrow SG4.0RT,pl,valid_product,
Sungrow SG5.0RT,,,,,,https://www.solidtrading.eu/sungrow-sg50rt-p-568.html,,,,,,,,,,,,,,,,,,50.00,PLN,,,https://www.solidtrading.eu/images/flagi/england.png|https://www.solidtrading.eu/images/flagi/poland.png|https://www.solidtrading.eu/images/Logo napis.png|https://www.solidtrading.eu/images/Logo sma napis.png|https://www.solidtrading.eu/images/zdjecia/Sungrow/mini/350px_Sungrow SG5.0RT.webp,,,,,Sungrow SG5.0RT,pl,valid_product,
Sungrow SG6.0RT,,,,,,https://www.solidtrading.eu/sungrow-sg60rt-p-569.html,,,,,,,,,,,,,,,,,,50.00,PLN,,,https://www.solidtrading.eu/images/flagi/england.png|https://www.solidtrading.eu/images/flagi/poland.png|https://www.solidtrading.eu/images/Logo napis.png|https://www.solidtrading.eu/images/Logo sma napis.png|https://www.solidtrading.eu/images/zdjecia/Sungrow/mini/350px_Sungrow SG5.0RT.webp,,,,,Sungrow SG6.0RT,pl,valid_product,
Sungrow SH3.0RS,,,,,,https://www.solidtrading.eu/sungrow-sh30rs-p-571.html,,,,,,,,,,,,,,,,,,50.00,PLN,,,https://www.solidtrading.eu/images/flagi/england.png|https://www.solidtrading.eu/images/flagi/poland.png|https://www.solidtrading.eu/images/Logo napis.png|https://www.solidtrading.eu/images/Logo sma napis.png|https://www.solidtrading.eu/images/zdjecia/Sungrow/mini/350px_2 sungrow-sh50rs.webp,,,,,Sungrow SH3.0RS,pl,valid_product,
Sungrow SH6.0RS,,,,,,https://www.solidtrading.eu/sungrow-sh60rs-p-663.html,,,,,,,,,,,,,,,,,,50.00,PLN,,,https://www.solidtrading.eu/images/flagi/england.png|https://www.solidtrading.eu/images/flagi/poland.png|https://www.solidtrading.eu/images/Logo napis.png|https://www.solidtrading.eu/images/Logo sma napis.png|https://www.solidtrading.eu/images/zdjecia/Sungrow/mini/350px_6 sungrow-sh50rs.webp,,,,,Sungrow SH6.0RS,pl,valid_product,
Sungrow SH10.0RT-20 V11,,,,,,https://www.solidtrading.eu/sungrow-sh100rt-20-v11-p-667.html,,,,,,,,,,,,,,,,,,50.00,PLN,,,https://www.solidtrading.eu/images/flagi/england.png|https://www.solidtrading.eu/images/flagi/poland.png|https://www.solidtrading.eu/images/Logo napis.png|https://www.solidtrading.eu/images/Logo sma napis.png|https://www.solidtrading.eu/images/zdjecia/Sungrow/mini/350px_Sungrow SH10.0RT-20 V11.jpg,,,,,Sungrow SH10.0RT-20 V11,pl,valid_product,
Sungrow SG350H,,,,,,https://www.solidtrading.eu/sungrow-sg350h-p-670.html,,,,,,,,,,,,,,,,,,360.00,PLN,,,https://www.solidtrading.eu/images/flagi/england.png|https://www.solidtrading.eu/images/flagi/poland.png|https://www.solidtrading.eu/images/Logo napis.png|https://www.solidtrading.eu/images/Logo sma napis.png|https://www.solidtrading.eu/images/zdjecia/Sungrow/mini/350px_11 sg350hx-20.webp,,,,,Sungrow SG350H,pl,valid_product,
Sungrow SH5.0RS,,,,,,https://www.solidtrading.eu/sungrow-sh50rs-p-677.html,,,,,,,,,,,,,,,,,,50.00,PLN,,,https://www.solidtrading.eu/images/flagi/england.png|https://www.solidtrading.eu/images/flagi/poland.png|https://www.solidtrading.eu/images/Logo napis.png|https://www.solidtrading.eu/images/Logo sma napis.png|https://www.solidtrading.eu/images/zdjecia/Sungrow/mini/350px_5 sungrow-sh50rs.webp,,,,,Sungrow SH5.0RS,pl,valid_product,
"Deye RW-M6.1-b 6,14 kWh",,,,,,https://www.solidtrading.eu/deye-rw-m61-b-6-14-kwh-p-704.html,,,,,,,,,,,,,,,,,,360.00,PLN,,,"https://www.solidtrading.eu/images/flagi/england.png|https://www.solidtrading.eu/images/flagi/poland.png|https://www.solidtrading.eu/images/Logo napis.png|https://www.solidtrading.eu/images/Logo sma napis.png|https://www.solidtrading.eu/images/zdjecia/deye/mini/350px_Deye RW-M6.1-b 6,14 kWh.webp",,,,,"Deye RW-M6.1-b 6,14 kWh",pl,valid_product,
Deye LV Battery SE-G5.1 Pro-B,,,,,,https://www.solidtrading.eu/deye-lv-battery-se-g51-pro-b-p-705.html,,,,,,,,,,,,,,,,,,360.00,PLN,,,https://www.solidtrading.eu/images/flagi/england.png|https://www.solidtrading.eu/images/flagi/poland.png|https://www.solidtrading.eu/images/Logo napis.png|https://www.solidtrading.eu/images/Logo sma napis.png|https://www.solidtrading.eu/images/zdjecia/deye/mini/350px_Deye LV Battery SE-G5.1 Pro-B.webp,,,,,Deye LV Battery SE-G5.1 Pro-B,pl,valid_product,
"Deye HV Cabinet Battery GE-F60 61,44kWh",,,,,,https://www.solidtrading.eu/deye-hv-cabinet-battery-ge-f60-61-44kwh-p-706.html,,,,,,,,,,,,,,,,,,360.00,PLN,,,https://www.solidtrading.eu/images/flagi/england.png|https://www.solidtrading.eu/images/flagi/poland.png|https://www.solidtrading.eu/images/Logo napis.png|https://www.solidtrading.eu/images/Logo sma napis.png|https://www.solidtrading.eu/images/zdjecia/deye/mini/350px_Deye HV BOS-G-Pack 5.1.webp,,,,,"Deye HV Cabinet Battery GE-F60 61,44kWh",pl,valid_product,
Deye rack 3U-HRACK (13 layers),,,,,,https://www.solidtrading.eu/deye-rack-3u-hrack-13-layers-p-708.html,,,,,,,,,,,,,,,,,,863.00,PLN,,,https://www.solidtrading.eu/images/flagi/england.png|https://www.solidtrading.eu/images/flagi/poland.png|https://www.solidtrading.eu/images/Logo napis.png|https://www.solidtrading.eu/images/Logo sma napis.png|https://www.solidtrading.eu/images/zdjecia/deye/mini/350px_Deye rack 3U-HRACK (13 layers).jpg,,,,,Deye rack 3U-HRACK (13 layers),pl,valid_product,
FoxEss MIRA HV25,,,,,,https://www.solidtrading.eu/foxess-mira-hv25-p-678.html,,,,,,,,,,,,,,,,,,50.00,PLN,,,https://www.solidtrading.eu/images/flagi/england.png|https://www.solidtrading.eu/images/flagi/poland.png|https://www.solidtrading.eu/images/Logo napis.png|https://www.solidtrading.eu/images/Logo sma napis.png|https://www.solidtrading.eu/images/zdjecia/FoxESS/mini/350px_7 foxess-mira-hv25.webp,,,,,FoxEss MIRA HV25,pl,valid_product,
FoxESS Energy Cube ECM2900,,,,,,https://www.solidtrading.eu/foxess-energy-cube-ecm2900-p-723.html,,,,,,,,,,,,,,,,,,360.00,PLN,,,https://www.solidtrading.eu/images/flagi/england.png|https://www.solidtrading.eu/images/flagi/poland.png|https://www.solidtrading.eu/images/Logo napis.png|https://www.solidtrading.eu/images/Logo sma napis.png|https://www.solidtrading.eu/images/zdjecia/FoxESS/mini/350px_FoxESS Energy Cube ECM2900.webp,,,,,FoxESS Energy Cube ECM2900,pl,valid_product,
FoxESS Energy Cube ECS2900,,,,,,https://www.solidtrading.eu/foxess-energy-cube-ecs2900-p-724.html,,,,,,,,,,,,,,,,,,360.00,PLN,,,https://www.solidtrading.eu/images/flagi/england.png|https://www.solidtrading.eu/images/flagi/poland.png|https://www.solidtrading.eu/images/Logo napis.png|https://www.solidtrading.eu/images/Logo sma napis.png|https://www.solidtrading.eu/images/zdjecia/FoxESS/mini/350px_FoxESS Energy Cube ECS2900.webp,,,,,FoxESS Energy Cube ECS2900,pl,valid_product,
FoxESS EP5,,,,,,https://www.solidtrading.eu/foxess-ep5-p-725.html,,,,,,,,,,,,,,,,,,360.00,PLN,,,https://www.solidtrading.eu/images/flagi/england.png|https://www.solidtrading.eu/images/flagi/poland.png|https://www.solidtrading.eu/images/Logo napis.png|https://www.solidtrading.eu/images/Logo sma napis.png|https://www.solidtrading.eu/images/zdjecia/FoxESS/mini/350px_FoxESS EP5.webp,,,,,FoxESS EP5,pl,valid_product,
FoxESS EP6,,,,,,https://www.solidtrading.eu/foxess-ep6-p-726.html,,,,,,,,,,,,,,,,,,360.00,PLN,,,https://www.solidtrading.eu/images/flagi/england.png|https://www.solidtrading.eu/images/flagi/poland.png|https://www.solidtrading.eu/images/Logo napis.png|https://www.solidtrading.eu/images/Logo sma napis.png|https://www.solidtrading.eu/images/zdjecia/FoxESS/mini/350px_FoxESS EP6.webp,,,,,FoxESS EP6,pl,valid_product,
FoxESS EP11,,,,,,https://www.solidtrading.eu/foxess-ep11-p-727.html,,,,,,,,,,,,,,,,,,360.00,PLN,,,https://www.solidtrading.eu/images/flagi/england.png|https://www.solidtrading.eu/images/flagi/poland.png|https://www.solidtrading.eu/images/Logo napis.png|https://www.solidtrading.eu/images/Logo sma napis.png|https://www.solidtrading.eu/images/zdjecia/FoxESS/mini/350px_FoxESS EP11.webp,,,,,FoxESS EP11,pl,valid_product,
FoxESS EP12,,,,,,https://www.solidtrading.eu/foxess-ep12-p-728.html,,,,,,,,,,,,,,,,,,360.00,PLN,,,https://www.solidtrading.eu/images/flagi/england.png|https://www.solidtrading.eu/images/flagi/poland.png|https://www.solidtrading.eu/images/Logo napis.png|https://www.solidtrading.eu/images/Logo sma napis.png|https://www.solidtrading.eu/images/zdjecia/FoxESS/mini/350px_FoxESS EP12.webp,,,,,FoxESS EP12,pl,valid_product,
Huawei LUNA2000-215 2s10,,,,,,https://www.solidtrading.eu/huawei-luna2000-215-2s10-p-623.html,,,,,,,,,,,,,,,,,,160.00,PLN,,,https://www.solidtrading.eu/images/flagi/england.png|https://www.solidtrading.eu/images/flagi/poland.png|https://www.solidtrading.eu/images/Logo napis.png|https://www.solidtrading.eu/images/Logo sma napis.png|https://www.solidtrading.eu/images/zdjecia/Huawei/mini/350px_Huawei LUNA2000-215 2s10.webp,,,,,Huawei LUNA2000-215 2s10,pl,valid_product,
Sungrow SBR192,,,,,,https://www.solidtrading.eu/sungrow-sbr192-p-671.html,,,,,,,,,,,,,,,,,,360.00,PLN,,,https://www.solidtrading.eu/images/flagi/england.png|https://www.solidtrading.eu/images/flagi/poland.png|https://www.solidtrading.eu/images/Logo napis.png|https://www.solidtrading.eu/images/Logo sma napis.png|https://www.solidtrading.eu/images/zdjecia/Sungrow/mini/350px_Sungrow SBR192.webp,,,,,Sungrow SBR192,pl,valid_product,
Sungrow SBR224,,,,,,https://www.solidtrading.eu/sungrow-sbr224-p-672.html,,,,,,,,,,,,,,,,,,360.00,PLN,,,https://www.solidtrading.eu/images/flagi/england.png|https://www.solidtrading.eu/images/flagi/poland.png|https://www.solidtrading.eu/images/Logo napis.png|https://www.solidtrading.eu/images/Logo sma napis.png|https://www.solidtrading.eu/images/zdjecia/Sungrow/mini/350px_Sungrow SBR192.webp,,,,,Sungrow SBR224,pl,valid_product,
Sungrow SBR256,,,,,,https://www.solidtrading.eu/sungrow-sbr256-p-673.html,,,,,,,,,,,,,,,,,,360.00,PLN,,,https://www.solidtrading.eu/images/flagi/england.png|https://www.solidtrading.eu/images/flagi/poland.png|https://www.solidtrading.eu/images/Logo napis.png|https://www.solidtrading.eu/images/Logo sma napis.png|https://www.solidtrading.eu/images/zdjecia/Sungrow/mini/350px_Sungrow SBR192.webp,,,,,Sungrow SBR256,pl,valid_product,
Sungrow IDC30E charger,,,,,,https://www.solidtrading.eu/sungrow-idc30e-charger-p-701.html,,,,,,,,,,,,,,,,,,360.00,PLN,,,https://www.solidtrading.eu/images/flagi/england.png|https://www.solidtrading.eu/images/flagi/poland.png|https://www.solidtrading.eu/images/Logo napis.png|https://www.solidtrading.eu/images/Logo sma napis.png|https://www.solidtrading.eu/images/zdjecia/Sungrow/mini/350px_Sungrow IDC30E charger.webp,,,,,Sungrow IDC30E charger,pl,valid_product,
Sungrow EMU200,,,,,,https://www.solidtrading.eu/sungrow-emu200-p-702.html,,,,,,,,,,,,,,,,,,360.00,PLN,,,https://www.solidtrading.eu/images/flagi/england.png|https://www.solidtrading.eu/images/flagi/poland.png|https://www.solidtrading.eu/images/Logo napis.png|https://www.solidtrading.eu/images/Logo sma napis.png|https://www.solidtrading.eu/images/zdjecia/Sungrow/mini/350px_Sungrow EMU200.webp,,,,,Sungrow EMU200,pl,valid_product,
SolarEdge P404-4RM4MRM,,,,,,https://www.solidtrading.eu/solaredge-p404-4rm4mrm-p-393.html,,,,,,,,,,,,,,,,,,50.00,PLN,,,https://www.solidtrading.eu/images/flagi/england.png|https://www.solidtrading.eu/images/flagi/poland.png|https://www.solidtrading.eu/images/Logo napis.png|https://www.solidtrading.eu/images/Logo sma napis.png|https://www.solidtrading.eu/images/zdjecia/SolarEdge/mini/350px_SolarEdge P404-4RM4MRM.webp,,,,,SolarEdge P404-4RM4MRM,pl,valid_product,
SolarEdge P505-4RM4MBM,,,,,,https://www.solidtrading.eu/solaredge-p505-4rm4mbm-p-394.html,,,,,,,,,,,,,,,,,,50.00,PLN,,,https://www.solidtrading.eu/images/flagi/england.png|https://www.solidtrading.eu/images/flagi/poland.png|https://www.solidtrading.eu/images/Logo napis.png|https://www.solidtrading.eu/images/Logo sma napis.png|https://www.solidtrading.eu/images/zdjecia/SolarEdge/mini/350px_SolarEdge P505-4RM4MBM.webp,,,,,SolarEdge P505-4RM4MBM,pl,valid_product,
SolarEdge P401-5RM4MRM,,,,,,https://www.solidtrading.eu/solaredge-p401-5rm4mrm-p-395.html,,,,,,,,,,,,,,,,,,50.00,PLN,,,https://www.solidtrading.eu/images/flagi/england.png|https://www.solidtrading.eu/images/flagi/poland.png|https://www.solidtrading.eu/images/Logo napis.png|https://www.solidtrading.eu/images/Logo sma napis.png|https://www.solidtrading.eu/images/zdjecia/SolarEdge/mini/350px_SolarEdge P401-5RM4MRM.webp,,,,,SolarEdge P401-5RM4MRM,pl,valid_product,
SolarEdge P600-4RM4MRL,,,,,,https://www.solidtrading.eu/solaredge-p600-4rm4mrl-p-396.html,,,,,,,,,,,,,,,,,,50.00,PLN,,,https://www.solidtrading.eu/images/flagi/england.png|https://www.solidtrading.eu/images/flagi/poland.png|https://www.solidtrading.eu/images/Logo napis.png|https://www.solidtrading.eu/images/Logo sma napis.png|https://www.solidtrading.eu/images/zdjecia/SolarEdge/mini/350px_SolarEdge P600-4RM4MRL.webp,,,,,SolarEdge P600-4RM4MRL,pl,valid_product,
SolarEdge P650-4RM4MRL,,,,,,https://www.solidtrading.eu/solaredge-p650-4rm4mrl-p-397.html,,,,,,,,,,,,,,,,,,50.00,PLN,,,https://www.solidtrading.eu/images/flagi/england.png|https://www.solidtrading.eu/images/flagi/poland.png|https://www.solidtrading.eu/images/Logo napis.png|https://www.solidtrading.eu/images/Logo sma napis.png|https://www.solidtrading.eu/images/zdjecia/SolarEdge/mini/350px_SolarEdge P650-4RM4MRL.webp,,,,,SolarEdge P650-4RM4MRL,pl,valid_product,
SolarEdge P730-4RM4MRY,,,,,,https://www.solidtrading.eu/solaredge-p730-4rm4mry-p-398.html,,,,,,,,,,,,,,,,,,50.00,PLN,,,https://www.solidtrading.eu/images/flagi/england.png|https://www.solidtrading.eu/images/flagi/poland.png|https://www.solidtrading.eu/images/Logo napis.png|https://www.solidtrading.eu/images/Logo sma napis.png|https://www.solidtrading.eu/images/zdjecia/SolarEdge/mini/350px_SolarEdge P730-4RM4MRY.webp,,,,,SolarEdge P730-4RM4MRY,pl,valid_product,
Huawei S-Charger 7KS S0,,,,,,https://www.solidtrading.eu/huawei-s-charger-7ks-s0-p-542.html,,,,,,,,,,,,,,,,,,50.00,PLN,,,https://www.solidtrading.eu/images/flagi/england.png|https://www.solidtrading.eu/images/flagi/poland.png|https://www.solidtrading.eu/images/Logo napis.png|https://www.solidtrading.eu/images/Logo sma napis.png|https://www.solidtrading.eu/images/zdjecia/Huawei/mini/350px_Huawei S-Charger 7KS S0.webp,,,,,Huawei S-Charger 7KS S0,pl,valid_product,
